transaction_id,customer_id,transaction_date,amount,items,merchant_category,channel,country,customer_age,loyalty_points
TXN-000001,CUST-0138,2026-05-26,78.97,10,healthcare,online,GB,24,877
TXN-000002,CUST-0065,2026-05-21,97.27,9,travel,mobile,GB,29,815
TXN-000003,CUST-0230,2026-05-11,33.15,6,restaurants,in_store,GB,46,1530
TXN-000004,CUST-0257,2026-02-13,61.08,10,fuel,online,FR,57,2440
TXN-000005,CUST-0098,2026-05-17,50.08,11,groceries,in_store,GB,81,3982
TXN-000006,CUST-0362,2026-01-02,84.75,10,travel,online,US,58,2856
TXN-000007,CUST-0205,2026-05-16,29.18,4,healthcare,in_store,GB,42,1480
TXN-000008,CUST-0339,2026-05-12,59.44,7,healthcare,online,US,56,2293
TXN-000009,CUST-0145,2026-03-08,29.17,7,fuel,in_store,DE,80,3687
TXN-000010,CUST-0200,2026-01-18,28.59,4,groceries,in_store,US,65,2646
TXN-000011,CUST-0175,2026-04-18,54.81,6,healthcare,in_store,GB,34,1260
TXN-000012,CUST-0393,2026-06-22,55.97,4,groceries,online,DE,18,268
TXN-000013,CUST-0117,2026-03-23,7.39,1,groceries,online,ES,79,3512
TXN-000014,CUST-0286,2026-05-15,50.34,6,utilities,in_store,DE,80,3919
TXN-000015,CUST-0316,2026-01-14,19.38,3,healthcare,in_store,ES,21,617
TXN-000016,CUST-0247,2026-06-21,28.28,3,fuel,online,NL,21,133
TXN-000017,CUST-0137,2026-01-15,35.96,5,travel,in_store,US,79,3715
TXN-000018,CUST-0138,2026-01-03,48.15,5,groceries,in_store,US,22,320
TXN-000019,CUST-0293,2026-04-04,45.71,11,healthcare,online,US,72,3188
TXN-000020,CUST-0164,2026-06-21,26.96,2,restaurants,online,GB,35,607
TXN-000021,CUST-0369,2026-01-08,40.74,8,electronics,in_store,US,22,143
TXN-000022,CUST-0238,2026-02-22,70.99,8,fuel,mobile,GB,47,989
TXN-000023,CUST-0141,2026-01-07,10.39,6,electronics,in_store,US,22,22
TXN-000024,CUST-0127,2026-05-28,42.72,8,electronics,online,GB,47,1404
TXN-000025,CUST-0104,2026-01-08,79.31,6,travel,online,GB,44,1174
TXN-000026,CUST-0395,2026-05-02,4.87,1,groceries,in_store,GB,18,0
TXN-000027,CUST-0070,2026-01-13,128.27,8,groceries,online,US,75,3202
TXN-000028,CUST-0029,2026-01-06,9.2,1,healthcare,in_store,GB,58,2864
TXN-000029,CUST-0245,2026-05-08,65.57,8,travel,online,GB,73,3623
TXN-000030,CUST-0376,2026-02-15,46.09,5,healthcare,online,US,32,1210
TXN-000031,CUST-0244,2026-06-19,8.2,2,electronics,mobile,DE,24,247
TXN-000032,CUST-0130,2026-06-05,19.05,5,groceries,online,ES,54,2113
TXN-000033,CUST-0027,2026-05-19,11.77,2,travel,in_store,FR,38,1432
TXN-000034,CUST-0049,2026-02-18,54.15,7,fuel,online,NL,75,3436
TXN-000035,CUST-0223,2026-05-23,124.63,8,healthcare,online,GB,26,789
TXN-000036,CUST-0149,2026-04-06,38.02,5,travel,in_store,US,68,2948
TXN-000037,CUST-0157,2026-03-15,12.78,2,restaurants,online,ES,74,3344
TXN-000038,CUST-0111,2026-06-15,4.5,1,fuel,mobile,US,66,2855
TXN-000039,CUST-0187,2026-03-31,24.05,2,travel,mobile,GB,47,1855
TXN-000040,CUST-0058,2026-06-04,128.37,6,utilities,online,US,20,346
TXN-000041,CUST-0154,2026-04-11,82.1,8,restaurants,online,US,73,3472
TXN-000042,CUST-0288,2026-06-13,73.71,5,electronics,online,ES,43,1815
TXN-000043,CUST-0329,2026-06-09,53.57,4,travel,mobile,GB,25,496
TXN-000044,CUST-0346,2026-06-18,22.17,3,groceries,online,GB,70,3134
TXN-000045,CUST-0249,2026-01-21,93.05,11,healthcare,online,FR,19,263
TXN-000046,CUST-0150,2026-02-06,40.99,10,fuel,online,FR,68,2730
TXN-000047,CUST-0203,2026-05-28,19.9,5,electronics,online,GB,34,1085
TXN-000048,CUST-0234,2026-04-12,20.09,3,travel,mobile,DE,71,3498
TXN-000049,CUST-0236,2026-04-22,27.05,2,electronics,online,US,41,1378
TXN-000050,CUST-0164,2026-03-24,81.3,8,electronics,online,FR,30,672
TXN-000051,CUST-0071,2026-03-06,33.66,8,electronics,online,GB,31,378
TXN-000052,CUST-0261,2026-04-10,18.51,2,travel,online,GB,33,1166
TXN-000053,CUST-0353,2026-04-06,53.02,10,electronics,online,GB,48,1525
TXN-000054,CUST-0046,2026-05-14,18.4,4,utilities,mobile,GB,62,2682
TXN-000055,CUST-0188,2026-06-01,95.48,9,electronics,online,ES,53,2026
TXN-000056,CUST-0228,2026-03-21,44.75,4,travel,online,GB,56,2045
TXN-000057,CUST-0251,2026-01-04,35.31,5,healthcare,online,GB,64,2934
TXN-000058,CUST-0210,2026-03-30,60.66,10,healthcare,online,GB,50,1636
TXN-000059,CUST-0334,2026-04-19,61.44,9,groceries,in_store,ES,41,1389
TXN-000060,CUST-0044,2026-01-05,62.01,8,travel,online,GB,25,542
TXN-000061,CUST-0116,2026-03-10,11.26,2,groceries,in_store,ES,77,3330
TXN-000062,CUST-0005,2026-05-10,95.79,7,restaurants,online,FR,60,2694
TXN-000063,CUST-0100,2026-02-22,26.48,5,travel,in_store,DE,27,362
TXN-000064,CUST-0251,2026-06-24,22.04,7,fuel,online,GB,65,2246
TXN-000065,CUST-0219,2026-02-02,46.07,3,travel,online,FR,37,1436
TXN-000066,CUST-0142,2026-05-13,99.29,1,restaurants,mobile,GB,19,4404
TXN-000067,CUST-0058,2026-03-12,15.96,3,electronics,online,US,67,3049
TXN-000068,CUST-0290,2026-03-19,50.06,8,healthcare,online,GB,31,466
TXN-000069,CUST-0319,2026-06-05,45.48,7,groceries,mobile,NL,67,3118
TXN-000070,CUST-0014,2026-04-05,20.81,3,groceries,online,US,55,2218
TXN-000071,CUST-0350,2026-06-05,63.72,4,utilities,mobile,GB,41,1568
TXN-000072,CUST-0192,2026-04-23,33.85,3,travel,mobile,GB,60,2334
TXN-000073,CUST-0187,2026-03-20,20.49,3,healthcare,in_store,GB,40,1485
TXN-000074,CUST-0174,2026-04-10,124.06,1,groceries,online,US,18,4424
TXN-000075,CUST-0188,2026-06-03,84.99,9,groceries,in_store,GB,72,3530
TXN-000076,CUST-0333,2026-04-25,66.04,4,healthcare,in_store,FR,59,2347
TXN-000077,CUST-0312,2026-05-19,82.6,10,utilities,online,GB,80,3544
TXN-000078,CUST-0271,2026-03-27,46.95,6,fuel,online,ES,65,2486
TXN-000079,CUST-0371,2026-01-08,69.11,8,groceries,in_store,DE,51,1787
TXN-000080,CUST-0286,2026-05-31,38.54,7,utilities,online,GB,61,2417
TXN-000081,CUST-0289,2026-06-05,137.76,10,healthcare,online,GB,80,3743
TXN-000082,CUST-0300,2026-04-17,13.94,1,groceries,mobile,GB,67,2925
TXN-000083,CUST-0230,2026-06-09,38.86,5,healthcare,online,DE,68,3187
TXN-000084,CUST-0297,2026-04-16,27.45,4,restaurants,mobile,GB,68,3194
TXN-000085,CUST-0105,2026-06-14,96.65,9,fuel,in_store,DE,60,2325
TXN-000086,CUST-0310,2026-04-02,11.57,2,groceries,in_store,GB,73,3050
TXN-000087,CUST-0322,2026-06-09,45.66,4,healthcare,in_store,US,30,760
TXN-000088,CUST-0384,2026-03-18,44.64,8,travel,online,GB,37,1222
TXN-000089,CUST-0219,2026-04-07,1.48,1,restaurants,online,GB,74,3308
TXN-000090,CUST-0201,2026-06-10,59.21,8,electronics,online,ES,27,689
TXN-000091,CUST-0245,2026-03-20,12.47,2,electronics,in_store,GB,73,3639
TXN-000092,CUST-0175,2026-06-22,24.13,3,healthcare,online,GB,49,1986
TXN-000093,CUST-0059,2026-03-13,8.64,2,utilities,in_store,FR,69,3202
TXN-000094,CUST-0135,2026-02-04,68.73,8,utilities,in_store,GB,22,461
TXN-000095,CUST-0222,2026-04-30,137.76,6,restaurants,online,US,47,2021
TXN-000096,CUST-0021,2026-01-26,46.4,4,electronics,online,GB,31,1014
TXN-000097,CUST-0325,2026-03-19,31.44,4,electronics,in_store,GB,74,3494
TXN-000098,CUST-0173,2026-02-15,104.59,1,fuel,online,DE,18,4801
TXN-000099,CUST-0317,2026-02-16,56.47,10,travel,online,FR,54,2323
TXN-000100,CUST-0025,2026-06-28,15.25,3,travel,in_store,ES,46,1470
TXN-000101,CUST-0289,2026-03-20,9.42,1,fuel,in_store,US,32,809
TXN-000102,CUST-0045,2026-02-17,37.58,5,travel,online,GB,77,3557
TXN-000103,CUST-0199,2026-06-20,79.57,11,travel,in_store,US,29,583
TXN-000104,CUST-0232,2026-02-01,11.85,1,utilities,mobile,GB,74,3420
TXN-000105,CUST-0065,2026-04-10,101.44,1,travel,in_store,GB,18,4591
TXN-000106,CUST-0233,2026-04-11,33.56,5,fuel,online,NL,58,2118
TXN-000107,CUST-0017,2026-01-13,99.51,9,healthcare,online,US,54,2179
TXN-000108,CUST-0322,2026-04-19,22.52,3,electronics,mobile,FR,71,2807
TXN-000109,CUST-0017,2026-04-21,64.71,10,travel,online,GB,63,2881
TXN-000110,CUST-0142,2026-04-29,46.7,5,travel,online,US,25,834
TXN-000111,CUST-0069,2026-02-28,57.23,8,travel,online,US,52,2090
TXN-000112,CUST-0351,2026-05-25,7.05,2,travel,mobile,GB,68,2820
TXN-000113,CUST-0051,2026-05-23,61.8,5,fuel,in_store,FR,30,953
TXN-000114,CUST-0207,2026-04-10,28.3,5,restaurants,in_store,GB,65,2774
TXN-000115,CUST-0141,2026-05-17,16.44,2,utilities,in_store,GB,57,2103
TXN-000116,CUST-0185,2026-03-26,19.03,4,restaurants,online,GB,77,3594
TXN-000117,CUST-0316,2026-04-16,18.79,6,electronics,online,GB,38,1402
TXN-000118,CUST-0332,2026-01-19,13.71,3,fuel,online,US,33,800
TXN-000119,CUST-0304,2026-01-25,9.06,1,electronics,in_store,GB,50,2047
TXN-000120,CUST-0119,2026-03-28,84.33,11,electronics,in_store,GB,37,1068
TXN-000121,CUST-0232,2026-01-10,31.32,3,utilities,online,GB,79,3533
TXN-000122,CUST-0270,2026-02-26,30.73,9,groceries,online,US,47,1820
TXN-000123,CUST-0343,2026-03-01,45.0,4,electronics,online,DE,30,861
TXN-000124,CUST-0209,2026-03-02,69.5,11,electronics,in_store,ES,54,2109
TXN-000125,CUST-0255,2026-01-21,65.08,6,utilities,online,GB,46,1771
TXN-000126,CUST-0021,2026-02-07,137.76,7,travel,online,GB,79,4163
TXN-000127,CUST-0379,2026-02-17,76.99,11,electronics,online,US,21,45
TXN-000128,CUST-0187,2026-04-02,30.17,6,fuel,in_store,NL,70,3099
TXN-000129,CUST-0330,2026-01-09,37.7,6,fuel,online,FR,33,1180
TXN-000130,CUST-0321,2026-01-11,67.31,3,groceries,online,DE,39,1158
TXN-000131,CUST-0355,2026-01-28,72.16,8,utilities,mobile,GB,43,1275
TXN-000132,CUST-0001,2026-05-26,35.78,7,fuel,in_store,GB,68,3387
TXN-000133,CUST-0240,2026-06-25,46.97,7,travel,in_store,GB,71,3171
TXN-000134,CUST-0384,2026-06-17,36.05,6,groceries,in_store,ES,76,3629
TXN-000135,CUST-0131,2026-06-10,76.51,6,restaurants,online,US,53,1591
TXN-000136,CUST-0366,2026-03-21,45.01,6,healthcare,online,US,81,3597
TXN-000137,CUST-0191,2026-01-09,120.64,10,healthcare,in_store,US,41,1557
TXN-000138,CUST-0191,2026-04-09,27.29,4,healthcare,online,ES,54,2129
TXN-000139,CUST-0279,2026-02-01,83.47,8,travel,online,NL,81,4210
TXN-000140,CUST-0384,2026-03-29,51.24,11,groceries,online,DE,79,3721
TXN-000141,CUST-0338,2026-04-21,34.07,7,electronics,mobile,GB,78,4113
TXN-000142,CUST-0384,2026-06-12,93.57,8,travel,in_store,DE,79,4252
TXN-000143,CUST-0231,2026-05-23,22.42,2,electronics,online,GB,24,331
TXN-000144,CUST-0147,2026-04-05,39.22,5,travel,online,FR,47,1540
TXN-000145,CUST-0193,2026-02-17,21.28,2,utilities,in_store,DE,75,3909
TXN-000146,CUST-0052,2026-02-14,23.39,3,utilities,mobile,US,47,1723
TXN-000147,CUST-0299,2026-06-22,13.78,3,utilities,mobile,GB,60,2184
TXN-000148,CUST-0381,2026-05-05,58.16,9,fuel,in_store,NL,42,1701
TXN-000149,CUST-0296,2026-03-14,43.05,10,healthcare,mobile,FR,25,27
TXN-000150,CUST-0272,2026-05-14,47.37,5,groceries,online,US,47,1338
TXN-000151,CUST-0016,2026-03-14,74.96,6,healthcare,mobile,GB,43,1494
TXN-000152,CUST-0267,2026-05-31,81.97,11,groceries,in_store,US,37,1176
TXN-000153,CUST-0010,2026-03-26,76.17,4,groceries,mobile,FR,64,2741
TXN-000154,CUST-0395,2026-06-08,16.36,5,travel,online,US,67,2826
TXN-000155,CUST-0364,2026-02-18,38.53,7,electronics,in_store,GB,23,66
TXN-000156,CUST-0185,2026-04-12,133.21,8,electronics,online,US,27,363
TXN-000157,CUST-0036,2026-01-18,28.18,7,healthcare,in_store,GB,77,3217
TXN-000158,CUST-0370,2026-05-11,31.74,3,restaurants,in_store,GB,66,2929
TXN-000159,CUST-0279,2026-03-27,122.46,11,travel,online,GB,61,2391
TXN-000160,CUST-0073,2026-03-07,87.88,11,utilities,online,DE,41,1426
TXN-000161,CUST-0253,2026-05-04,44.32,11,healthcare,mobile,NL,42,1403
TXN-000162,CUST-0232,2026-02-01,27.55,4,travel,in_store,GB,71,3442
TXN-000163,CUST-0259,2026-02-12,50.18,7,fuel,in_store,US,21,604
TXN-000164,CUST-0200,2026-03-31,41.36,6,electronics,in_store,GB,49,2252
TXN-000165,CUST-0117,2026-02-03,6.3,1,groceries,online,GB,43,1662
TXN-000166,CUST-0395,2026-05-08,103.82,8,utilities,online,GB,37,1046
TXN-000167,CUST-0032,2026-02-18,60.29,6,restaurants,mobile,NL,28,446
TXN-000168,CUST-0192,2026-06-25,27.04,8,utilities,in_store,GB,55,2099
TXN-000169,CUST-0126,2026-04-22,26.41,4,utilities,online,US,26,469
TXN-000170,CUST-0173,2026-04-16,26.18,2,groceries,in_store,GB,27,851
TXN-000171,CUST-0312,2026-04-07,44.04,9,electronics,online,NL,65,2703
TXN-000172,CUST-0268,2026-05-28,13.93,1,fuel,in_store,NL,70,3767
TXN-000173,CUST-0244,2026-05-21,13.1,2,electronics,in_store,US,71,2953
TXN-000174,CUST-0332,2026-03-25,89.23,11,groceries,mobile,US,54,1976
TXN-000175,CUST-0011,2026-03-12,26.34,3,electronics,online,US,28,874
TXN-000176,CUST-0367,2026-01-06,82.92,11,healthcare,in_store,DE,19,359
TXN-000177,CUST-0159,2026-04-19,7.09,1,electronics,online,FR,37,960
TXN-000178,CUST-0096,2026-02-17,59.13,9,electronics,online,GB,60,2402
TXN-000179,CUST-0205,2026-06-29,73.35,9,fuel,mobile,US,24,611
TXN-000180,CUST-0173,2026-05-20,26.28,3,utilities,mobile,US,67,3375
TXN-000181,CUST-0266,2026-01-14,58.27,7,utilities,online,FR,49,1610
TXN-000182,CUST-0336,2026-06-21,26.63,3,fuel,online,ES,56,1921
TXN-000183,CUST-0085,2026-02-23,38.55,5,electronics,online,GB,58,2169
TXN-000184,CUST-0324,2026-01-21,106.17,11,electronics,online,GB,73,3516
TXN-000185,CUST-0312,2026-04-30,66.79,11,fuel,online,US,59,1948
TXN-000186,CUST-0154,2026-05-20,34.08,6,healthcare,online,DE,39,1453
TXN-000187,CUST-0169,2026-04-22,98.04,11,healthcare,mobile,GB,38,1313
TXN-000188,CUST-0362,2026-04-21,132.75,8,fuel,mobile,US,37,1726
TXN-000189,CUST-0187,2026-05-08,79.22,8,restaurants,online,US,22,452
TXN-000190,CUST-0166,2026-01-24,86.26,11,fuel,online,US,74,2863
TXN-000191,CUST-0061,2026-06-28,47.81,8,healthcare,in_store,FR,45,1727
TXN-000192,CUST-0307,2026-04-08,52.3,11,restaurants,online,US,55,2568
TXN-000193,CUST-0200,2026-05-30,13.51,2,groceries,online,GB,65,2464
TXN-000194,CUST-0140,2026-06-17,49.41,6,healthcare,online,DE,66,2688
TXN-000195,CUST-0143,2026-01-12,29.06,4,utilities,in_store,US,38,1167
TXN-000196,CUST-0063,2026-02-13,110.86,10,electronics,in_store,FR,52,1645
TXN-000197,CUST-0319,2026-05-06,33.24,3,healthcare,in_store,ES,73,3512
TXN-000198,CUST-0379,2026-03-25,31.1,6,electronics,mobile,US,60,2790
TXN-000199,CUST-0332,2026-02-25,6.75,4,electronics,in_store,GB,68,2648
TXN-000200,CUST-0013,2026-03-31,137.76,7,utilities,online,US,39,1089
TXN-000201,CUST-0112,2026-01-17,82.16,6,restaurants,online,GB,29,724
TXN-000202,CUST-0390,2026-04-09,50.86,7,groceries,online,DE,30,682
TXN-000203,CUST-0235,2026-05-17,81.34,9,restaurants,mobile,GB,81,4112
TXN-000204,CUST-0338,2026-01-30,48.66,8,healthcare,mobile,GB,27,383
TXN-000205,CUST-0338,2026-03-16,28.83,7,healthcare,online,FR,37,1522
TXN-000206,CUST-0317,2026-05-28,71.47,6,groceries,mobile,NL,19,0
TXN-000207,CUST-0018,2026-01-31,74.96,8,utilities,online,US,20,269
TXN-000208,CUST-0398,2026-05-13,30.02,2,groceries,mobile,GB,53,1898
TXN-000209,CUST-0385,2026-06-14,49.82,7,groceries,online,NL,37,1253
TXN-000210,CUST-0292,2026-06-04,65.26,5,groceries,online,DE,72,3412
TXN-000211,CUST-0285,2026-03-06,93.06,9,electronics,mobile,GB,51,2174
TXN-000212,CUST-0017,2026-05-14,17.44,4,healthcare,in_store,FR,63,2737
TXN-000213,CUST-0204,2026-01-23,68.96,7,restaurants,in_store,FR,31,793
TXN-000214,CUST-0176,2026-01-03,54.85,5,electronics,online,US,23,0
TXN-000215,CUST-0092,2026-05-09,29.14,6,electronics,online,GB,19,75
TXN-000216,CUST-0151,2026-02-21,54.55,7,travel,mobile,FR,25,711
TXN-000217,CUST-0098,2026-05-16,91.65,8,electronics,mobile,ES,62,2785
TXN-000218,CUST-0001,2026-02-27,137.76,8,electronics,online,FR,18,0
TXN-000219,CUST-0005,2026-03-18,7.61,2,healthcare,online,FR,42,1229
TXN-000220,CUST-0086,2026-06-12,34.12,6,healthcare,in_store,DE,23,416
TXN-000221,CUST-0112,2026-06-26,97.75,7,utilities,online,ES,42,1598
TXN-000222,CUST-0093,2026-03-04,60.18,11,electronics,online,GB,77,3508
TXN-000223,CUST-0105,2026-01-27,3.81,1,fuel,online,GB,35,863
TXN-000224,CUST-0252,2026-01-11,43.64,9,groceries,in_store,ES,68,2680
TXN-000225,CUST-0042,2026-06-12,20.2,2,fuel,online,GB,52,1757
TXN-000226,CUST-0106,2026-04-26,62.76,5,healthcare,in_store,US,29,575
TXN-000227,CUST-0379,2026-05-17,16.33,4,fuel,online,GB,29,778
TXN-000228,CUST-0242,2026-04-29,41.24,6,travel,mobile,GB,59,2319
TXN-000229,CUST-0054,2026-04-08,22.8,2,utilities,online,FR,46,1642
TXN-000230,CUST-0336,2026-02-08,44.09,7,restaurants,in_store,GB,43,1709
TXN-000231,CUST-0192,2026-04-21,13.22,4,fuel,in_store,NL,57,2391
TXN-000232,CUST-0350,2026-02-21,75.25,9,restaurants,online,GB,50,1862
TXN-000233,CUST-0122,2026-05-10,78.79,6,utilities,online,GB,77,3568
TXN-000234,CUST-0046,2026-03-12,28.33,9,utilities,online,NL,76,3563
TXN-000235,CUST-0290,2026-01-08,22.27,4,healthcare,online,NL,71,2840
TXN-000236,CUST-0324,2026-05-24,125.06,11,fuel,online,DE,54,2176
TXN-000237,CUST-0099,2026-01-20,116.5,9,restaurants,mobile,FR,29,1008
TXN-000238,CUST-0278,2026-03-28,71.81,10,healthcare,mobile,US,19,456
TXN-000239,CUST-0139,2026-05-08,108.41,9,utilities,online,FR,28,638
TXN-000240,CUST-0187,2026-04-18,17.18,3,healthcare,online,GB,57,2380
TXN-000241,CUST-0249,2026-03-22,55.36,8,fuel,mobile,GB,25,478
TXN-000242,CUST-0321,2026-05-08,5.19,1,fuel,mobile,FR,69,3060
TXN-000243,CUST-0393,2026-03-26,62.76,9,utilities,mobile,DE,57,2292
TXN-000244,CUST-0176,2026-01-18,11.68,2,fuel,online,GB,68,3093
TXN-000245,CUST-0355,2026-04-03,19.54,3,healthcare,online,US,28,328
TXN-000246,CUST-0113,2026-01-07,20.32,6,groceries,mobile,US,43,1439
TXN-000247,CUST-0171,2026-05-18,11.33,1,healthcare,online,ES,70,3142
TXN-000248,CUST-0112,2026-06-12,56.54,5,restaurants,online,GB,70,2778
TXN-000249,CUST-0127,2026-01-24,33.67,7,travel,in_store,FR,74,3227
TXN-000250,CUST-0197,2026-04-19,54.01,10,electronics,online,FR,59,2047
TXN-000251,CUST-0177,2026-06-19,20.61,5,utilities,online,FR,30,948
TXN-000252,CUST-0070,2026-02-07,64.3,11,utilities,online,ES,48,1753
TXN-000253,CUST-0263,2026-06-26,55.61,8,travel,mobile,US,18,0
TXN-000254,CUST-0218,2026-01-21,67.98,9,travel,in_store,GB,42,1698
TXN-000255,CUST-0030,2026-03-19,23.06,3,healthcare,in_store,DE,30,567
TXN-000256,CUST-0056,2026-03-02,57.17,10,utilities,online,GB,72,3015
TXN-000257,CUST-0356,2026-03-24,18.12,4,restaurants,in_store,GB,41,1102
TXN-000258,CUST-0226,2026-01-23,9.78,1,fuel,in_store,GB,48,1405
TXN-000259,CUST-0279,2026-03-20,38.98,6,travel,in_store,US,62,2689
TXN-000260,CUST-0389,2026-01-04,4.3,1,electronics,online,US,50,1895
TXN-000261,CUST-0296,2026-02-05,52.66,10,restaurants,online,GB,57,3039
TXN-000262,CUST-0308,2026-06-18,48.88,5,restaurants,in_store,US,59,2108
TXN-000263,CUST-0002,2026-03-08,41.42,4,utilities,mobile,GB,25,629
TXN-000264,CUST-0107,2026-02-15,62.32,9,utilities,online,GB,56,2305
TXN-000265,CUST-0006,2026-05-30,41.52,2,fuel,in_store,US,34,1079
TXN-000266,CUST-0035,2026-06-21,31.58,5,groceries,in_store,ES,41,1504
TXN-000267,CUST-0009,2026-04-16,38.62,3,restaurants,in_store,GB,81,3453
TXN-000268,CUST-0022,2026-01-26,103.7,10,travel,online,GB,76,3942
TXN-000269,CUST-0386,2026-02-08,20.23,2,electronics,in_store,GB,65,2801
TXN-000270,CUST-0199,2026-03-11,9.53,1,restaurants,online,GB,57,2376
TXN-000271,CUST-0380,2026-05-04,107.39,7,healthcare,online,GB,72,3114
TXN-000272,CUST-0375,2026-03-17,27.45,3,restaurants,online,GB,50,2178
TXN-000273,CUST-0231,2026-06-03,71.49,11,groceries,in_store,US,28,375
TXN-000274,CUST-0340,2026-01-31,28.41,6,healthcare,mobile,NL,77,3304
TXN-000275,CUST-0267,2026-05-13,36.76,5,utilities,mobile,US,21,113
TXN-000276,CUST-0249,2026-01-03,17.97,3,fuel,in_store,NL,76,3537
TXN-000277,CUST-0003,2026-01-25,137.76,11,fuel,mobile,US,28,887
TXN-000278,CUST-0327,2026-06-02,77.67,7,healthcare,online,US,71,3605
TXN-000279,CUST-0098,2026-05-20,18.7,3,restaurants,online,GB,42,1493
TXN-000280,CUST-0021,2026-05-18,43.78,8,utilities,in_store,GB,80,3783
TXN-000281,CUST-0301,2026-02-05,58.09,8,electronics,in_store,GB,78,3761
TXN-000282,CUST-0059,2026-04-27,38.27,8,utilities,in_store,NL,21,380
TXN-000283,CUST-0017,2026-05-08,16.33,2,travel,online,ES,52,1909
TXN-000284,CUST-0234,2026-04-16,16.71,2,utilities,in_store,NL,18,0
TXN-000285,CUST-0198,2026-04-23,11.96,2,utilities,in_store,GB,38,852
TXN-000286,CUST-0291,2026-06-06,89.11,10,fuel,in_store,GB,40,1195
TXN-000287,CUST-0021,2026-02-26,11.2,2,healthcare,in_store,GB,22,532
TXN-000288,CUST-0143,2026-04-21,57.78,6,healthcare,in_store,GB,24,471
TXN-000289,CUST-0089,2026-06-23,28.76,6,travel,mobile,GB,70,3290
TXN-000290,CUST-0101,2026-03-16,67.88,8,fuel,in_store,US,18,95
TXN-000291,CUST-0162,2026-04-13,30.24,5,electronics,in_store,DE,35,875
TXN-000292,CUST-0287,2026-06-06,29.67,2,electronics,online,FR,36,1255
TXN-000293,CUST-0346,2026-01-15,2.79,1,travel,online,ES,25,406
TXN-000294,CUST-0168,2026-05-26,44.56,6,utilities,online,GB,34,976
TXN-000295,CUST-0091,2026-05-01,74.5,9,travel,online,GB,32,1046
TXN-000296,CUST-0219,2026-01-19,43.79,3,travel,online,DE,35,1022
TXN-000297,CUST-0197,2026-03-13,40.52,3,fuel,mobile,NL,60,2700
TXN-000298,CUST-0205,2026-05-12,4.1,1,utilities,in_store,GB,47,1865
TXN-000299,CUST-0211,2026-04-09,54.22,6,fuel,online,ES,20,550
TXN-000300,CUST-0247,2026-05-30,46.91,11,travel,mobile,GB,27,530
TXN-000301,CUST-0027,2026-04-15,40.72,5,restaurants,mobile,GB,24,438
TXN-000302,CUST-0030,2026-04-02,15.56,4,groceries,mobile,DE,40,998
TXN-000303,CUST-0396,2026-01-24,30.04,3,electronics,online,US,32,608
TXN-000304,CUST-0346,2026-05-06,137.76,10,utilities,online,DE,38,775
TXN-000305,CUST-0037,2026-06-01,15.56,1,utilities,online,GB,58,2566
TXN-000306,CUST-0167,2026-01-21,45.2,10,healthcare,online,GB,54,1929
TXN-000307,CUST-0187,2026-03-28,102.19,9,restaurants,online,GB,77,3501
TXN-000308,CUST-0255,2026-01-04,7.55,5,restaurants,in_store,NL,61,2763
TXN-000309,CUST-0197,2026-05-15,2.58,1,utilities,in_store,US,56,2031
TXN-000310,CUST-0302,2026-02-14,69.1,11,fuel,in_store,NL,70,2725
TXN-000311,CUST-0100,2026-03-30,98.96,11,fuel,mobile,GB,65,2923
TXN-000312,CUST-0368,2026-06-27,19.51,2,groceries,in_store,GB,53,2253
TXN-000313,CUST-0040,2026-06-17,23.43,2,electronics,in_store,GB,41,1254
TXN-000314,CUST-0123,2026-03-15,90.71,8,travel,online,GB,34,1088
TXN-000315,CUST-0204,2026-04-07,13.18,2,restaurants,online,NL,41,1472
TXN-000316,CUST-0209,2026-03-23,73.35,6,utilities,online,GB,81,4020
TXN-000317,CUST-0306,2026-04-20,100.71,9,fuel,online,FR,54,2195
TXN-000318,CUST-0164,2026-05-30,55.19,7,healthcare,mobile,GB,35,875
TXN-000319,CUST-0167,2026-03-21,9.84,2,travel,online,GB,72,3307
TXN-000320,CUST-0216,2026-01-31,9.99,1,travel,mobile,GB,25,148
TXN-000321,CUST-0176,2026-01-20,2.22,1,groceries,in_store,GB,48,1660
TXN-000322,CUST-0362,2026-03-01,80.01,6,travel,mobile,GB,18,0
TXN-000323,CUST-0037,2026-01-23,53.81,6,travel,mobile,DE,76,3334
TXN-000324,CUST-0098,2026-03-30,53.71,9,utilities,in_store,ES,50,1944
TXN-000325,CUST-0323,2026-02-23,21.91,7,fuel,online,GB,47,1710
TXN-000326,CUST-0108,2026-04-06,31.44,3,restaurants,in_store,DE,53,2467
TXN-000327,CUST-0178,2026-02-20,78.0,7,healthcare,in_store,DE,39,1300
TXN-000328,CUST-0298,2026-04-23,38.77,5,restaurants,in_store,DE,56,2654
TXN-000329,CUST-0118,2026-03-23,31.62,3,groceries,online,DE,51,2103
TXN-000330,CUST-0330,2026-03-06,30.17,3,utilities,mobile,US,76,3514
TXN-000331,CUST-0364,2026-05-28,23.83,2,electronics,mobile,ES,57,1911
TXN-000332,CUST-0053,2026-05-18,119.45,1,groceries,online,GB,20,4502
TXN-000333,CUST-0301,2026-03-13,130.27,10,fuel,in_store,DE,19,185
TXN-000334,CUST-0026,2026-02-13,37.27,3,groceries,mobile,US,22,86
TXN-000335,CUST-0025,2026-02-21,137.76,10,groceries,online,GB,37,1274
TXN-000336,CUST-0037,2026-02-27,40.08,9,restaurants,in_store,GB,42,1506
TXN-000337,CUST-0353,2026-05-22,33.4,4,groceries,in_store,DE,60,2847
TXN-000338,CUST-0037,2026-01-23,28.32,5,groceries,in_store,DE,69,3179
TXN-000339,CUST-0002,2026-01-27,37.25,4,electronics,in_store,DE,61,2530
TXN-000340,CUST-0329,2026-06-19,100.99,11,restaurants,mobile,GB,21,0
TXN-000341,CUST-0009,2026-05-03,33.48,6,electronics,online,US,40,1358
TXN-000342,CUST-0017,2026-03-09,74.77,9,fuel,in_store,US,52,1857
TXN-000343,CUST-0159,2026-01-07,7.71,2,utilities,mobile,GB,20,0
TXN-000344,CUST-0354,2026-03-15,59.3,8,healthcare,online,FR,52,2144
TXN-000345,CUST-0318,2026-06-25,62.1,5,healthcare,in_store,GB,23,630
TXN-000346,CUST-0058,2026-01-14,26.67,6,fuel,mobile,US,26,1184
TXN-000347,CUST-0386,2026-04-26,23.51,5,travel,in_store,NL,67,3060
TXN-000348,CUST-0216,2026-04-27,53.79,11,restaurants,online,GB,67,2940
TXN-000349,CUST-0227,2026-02-08,93.02,9,restaurants,in_store,FR,68,2933
TXN-000350,CUST-0039,2026-04-28,137.76,5,fuel,in_store,GB,59,2482
TXN-000351,CUST-0092,2026-02-08,6.9,1,groceries,online,DE,35,744
TXN-000352,CUST-0069,2026-06-08,78.34,10,restaurants,in_store,DE,34,771
TXN-000353,CUST-0036,2026-03-26,3.28,1,groceries,in_store,US,72,3472
TXN-000354,CUST-0265,2026-01-17,39.35,6,restaurants,mobile,GB,42,1311
TXN-000355,CUST-0146,2026-03-14,31.13,4,restaurants,online,NL,61,2566
TXN-000356,CUST-0372,2026-01-02,71.25,11,electronics,mobile,GB,53,1953
TXN-000357,CUST-0079,2026-01-13,18.74,2,travel,in_store,GB,55,2575
TXN-000358,CUST-0001,2026-06-07,113.85,1,healthcare,in_store,GB,20,4320
TXN-000359,CUST-0171,2026-03-31,25.61,3,electronics,in_store,US,35,1234
TXN-000360,CUST-0193,2026-03-10,63.47,9,electronics,in_store,NL,31,691
TXN-000361,CUST-0160,2026-05-04,1.93,1,electronics,online,FR,23,506
TXN-000362,CUST-0195,2026-06-25,92.58,8,utilities,in_store,GB,55,2158
TXN-000363,CUST-0038,2026-04-24,101.41,7,healthcare,online,DE,49,1968
TXN-000364,CUST-0104,2026-05-28,29.68,6,groceries,in_store,FR,48,2204
TXN-000365,CUST-0280,2026-02-21,34.61,5,groceries,online,NL,44,1652
TXN-000366,CUST-0304,2026-05-30,22.77,7,travel,online,US,81,3853
TXN-000367,CUST-0269,2026-06-14,137.69,10,restaurants,online,GB,65,2649
TXN-000368,CUST-0206,2026-05-24,13.77,2,healthcare,online,NL,60,2390
TXN-000369,CUST-0063,2026-03-13,14.35,2,electronics,online,US,24,599
TXN-000370,CUST-0368,2026-03-02,79.28,5,groceries,online,GB,39,1774
TXN-000371,CUST-0259,2026-06-05,37.0,9,groceries,mobile,US,40,1694
TXN-000372,CUST-0359,2026-02-16,137.76,7,travel,mobile,GB,73,3375
TXN-000373,CUST-0143,2026-01-01,68.73,6,fuel,in_store,FR,43,1398
TXN-000374,CUST-0217,2026-06-23,47.48,10,utilities,in_store,FR,53,2696
TXN-000375,CUST-0298,2026-06-15,59.77,6,utilities,in_store,GB,19,261
TXN-000376,CUST-0389,2026-04-04,23.16,6,healthcare,in_store,GB,69,3076
TXN-000377,CUST-0033,2026-06-21,21.56,3,groceries,mobile,US,31,1212
TXN-000378,CUST-0136,2026-01-22,39.64,6,utilities,in_store,US,50,1252
TXN-000379,CUST-0356,2026-06-25,137.76,10,restaurants,in_store,GB,61,2630
TXN-000380,CUST-0388,2026-05-17,50.53,6,utilities,online,US,30,791
TXN-000381,CUST-0268,2026-04-04,70.57,7,groceries,in_store,US,25,351
TXN-000382,CUST-0122,2026-04-02,13.99,3,utilities,online,NL,39,1194
TXN-000383,CUST-0146,2026-03-30,8.36,1,travel,mobile,GB,21,554
TXN-000384,CUST-0056,2026-05-21,54.59,11,fuel,in_store,GB,24,696
TXN-000385,CUST-0179,2026-01-26,38.54,6,electronics,in_store,ES,67,3114
TXN-000386,CUST-0317,2026-03-10,7.36,1,restaurants,in_store,NL,42,1471
TXN-000387,CUST-0260,2026-05-25,23.74,5,healthcare,online,FR,77,3833
TXN-000388,CUST-0093,2026-02-06,55.31,10,fuel,in_store,GB,54,2252
TXN-000389,CUST-0288,2026-03-18,28.7,3,healthcare,online,GB,68,2749
TXN-000390,CUST-0099,2026-06-11,32.52,6,fuel,online,GB,77,3597
TXN-000391,CUST-0071,2026-03-26,93.74,10,electronics,in_store,DE,33,353
TXN-000392,CUST-0005,2026-05-19,45.52,6,electronics,online,US,54,2527
TXN-000393,CUST-0106,2026-04-21,12.86,3,travel,online,GB,24,508
TXN-000394,CUST-0354,2026-06-06,10.44,2,restaurants,mobile,NL,65,2907
TXN-000395,CUST-0367,2026-03-02,53.65,5,restaurants,online,NL,71,3078
TXN-000396,CUST-0279,2026-01-29,75.95,9,electronics,online,ES,59,2570
TXN-000397,CUST-0086,2026-01-21,60.79,7,fuel,online,GB,49,1785
TXN-000398,CUST-0161,2026-03-11,102.7,7,fuel,in_store,GB,59,2787
TXN-000399,CUST-0338,2026-05-17,28.6,8,fuel,online,US,81,3659
TXN-000400,CUST-0134,2026-04-11,117.27,11,fuel,in_store,US,54,2202
TXN-000401,CUST-0214,2026-03-15,73.16,5,electronics,in_store,FR,26,935
TXN-000402,CUST-0313,2026-02-16,47.73,3,healthcare,mobile,GB,42,1640
TXN-000403,CUST-0090,2026-01-15,42.07,7,restaurants,online,US,68,3133
TXN-000404,CUST-0322,2026-02-02,122.69,10,utilities,online,ES,76,3326
TXN-000405,CUST-0323,2026-01-02,66.64,10,utilities,in_store,GB,25,433
TXN-000406,CUST-0149,2026-06-04,115.34,9,restaurants,mobile,GB,60,2640
TXN-000407,CUST-0180,2026-05-24,23.73,5,restaurants,online,US,30,970
TXN-000408,CUST-0297,2026-02-13,79.31,10,restaurants,online,GB,60,2419
TXN-000409,CUST-0262,2026-02-15,31.84,3,healthcare,in_store,NL,33,838
TXN-000410,CUST-0008,2026-01-24,13.11,2,utilities,online,NL,24,438
TXN-000411,CUST-0206,2026-06-03,14.3,4,travel,online,DE,77,3948
TXN-000412,CUST-0308,2026-04-02,36.47,8,utilities,mobile,US,29,760
TXN-000413,CUST-0155,2026-06-22,31.68,2,groceries,online,GB,55,2277
TXN-000414,CUST-0269,2026-02-06,31.14,2,groceries,online,GB,75,3235
TXN-000415,CUST-0280,2026-04-15,6.13,2,utilities,in_store,GB,75,3403
TXN-000416,CUST-0307,2026-03-24,15.8,3,utilities,in_store,FR,23,259
TXN-000417,CUST-0161,2026-04-10,32.42,4,electronics,online,NL,43,1449
TXN-000418,CUST-0153,2026-01-25,64.97,10,fuel,in_store,DE,49,1764
TXN-000419,CUST-0079,2026-05-10,39.26,5,utilities,in_store,DE,61,2709
TXN-000420,CUST-0191,2026-03-01,100.04,9,groceries,in_store,US,67,2876
TXN-000421,CUST-0239,2026-01-16,59.81,11,groceries,online,GB,37,1564
TXN-000422,CUST-0020,2026-03-19,18.36,4,restaurants,online,GB,40,1163
TXN-000423,CUST-0258,2026-04-17,12.24,2,utilities,in_store,DE,59,2475
TXN-000424,CUST-0295,2026-03-01,67.92,6,electronics,in_store,GB,42,2097
TXN-000425,CUST-0345,2026-06-08,101.09,11,groceries,in_store,GB,48,1720
TXN-000426,CUST-0224,2026-05-25,117.72,1,travel,in_store,FR,19,4600
TXN-000427,CUST-0125,2026-03-20,42.28,6,electronics,mobile,DE,72,2865
TXN-000428,CUST-0293,2026-03-12,26.05,6,electronics,in_store,DE,52,2296
TXN-000429,CUST-0026,2026-03-24,19.56,4,utilities,mobile,GB,21,384
TXN-000430,CUST-0303,2026-02-28,107.04,9,travel,in_store,US,80,3333
TXN-000431,CUST-0392,2026-02-19,9.06,1,travel,in_store,GB,56,2624
TXN-000432,CUST-0015,2026-06-15,18.05,5,travel,online,US,36,1212
TXN-000433,CUST-0157,2026-03-14,47.97,8,groceries,online,GB,48,1630
TXN-000434,CUST-0200,2026-05-21,8.22,2,travel,in_store,US,53,1668
TXN-000435,CUST-0364,2026-02-09,37.67,5,restaurants,in_store,FR,46,1805
TXN-000436,CUST-0122,2026-03-02,77.21,10,groceries,online,US,44,1763
TXN-000437,CUST-0144,2026-05-19,48.05,9,healthcare,in_store,GB,78,3503
TXN-000438,CUST-0177,2026-01-30,61.71,8,healthcare,mobile,DE,45,1324
TXN-000439,CUST-0132,2026-01-03,43.83,7,healthcare,online,GB,31,1251
TXN-000440,CUST-0294,2026-03-18,18.13,3,electronics,in_store,GB,25,465
TXN-000441,CUST-0299,2026-02-14,88.12,11,restaurants,mobile,GB,74,3746
TXN-000442,CUST-0271,2026-05-21,84.03,10,utilities,online,US,47,1892
TXN-000443,CUST-0158,2026-01-05,30.14,4,electronics,in_store,GB,51,2127
TXN-000444,CUST-0181,2026-01-16,19.05,7,travel,in_store,GB,56,2205
TXN-000445,CUST-0164,2026-01-11,17.41,3,electronics,in_store,NL,45,1398
TXN-000446,CUST-0344,2026-02-05,79.43,11,utilities,online,NL,72,2972
TXN-000447,CUST-0319,2026-02-16,3.59,1,healthcare,online,ES,18,177
TXN-000448,CUST-0382,2026-05-26,7.61,1,travel,online,GB,41,1260
TXN-000449,CUST-0031,2026-04-20,57.92,9,electronics,online,FR,62,2934
TXN-000450,CUST-0089,2026-02-08,29.74,11,restaurants,mobile,GB,76,3707
TXN-000451,CUST-0132,2026-05-16,128.08,8,utilities,online,ES,20,558
TXN-000452,CUST-0170,2026-02-26,52.69,11,electronics,in_store,US,76,3554
TXN-000453,CUST-0398,2026-02-17,68.36,11,restaurants,online,GB,23,1137
TXN-000454,CUST-0382,2026-02-19,75.49,11,groceries,online,DE,64,2410
TXN-000455,CUST-0075,2026-04-02,75.63,11,groceries,online,GB,75,3573
TXN-000456,CUST-0201,2026-04-28,110.63,8,utilities,in_store,DE,70,3088
TXN-000457,CUST-0158,2026-06-02,102.69,5,restaurants,in_store,US,55,2341
TXN-000458,CUST-0361,2026-05-06,33.84,2,utilities,online,GB,55,2614
TXN-000459,CUST-0021,2026-06-24,46.4,3,fuel,online,FR,44,1741
TXN-000460,CUST-0301,2026-05-20,48.93,7,healthcare,online,US,40,1429
TXN-000461,CUST-0114,2026-04-01,70.52,11,travel,in_store,GB,52,1894
TXN-000462,CUST-0038,2026-04-30,81.09,7,groceries,in_store,DE,39,1450
TXN-000463,CUST-0219,2026-06-04,100.86,1,fuel,in_store,GB,20,4403
TXN-000464,CUST-0015,2026-01-08,36.98,7,fuel,online,GB,29,311
TXN-000465,CUST-0211,2026-05-17,75.32,10,healthcare,online,DE,21,431
TXN-000466,CUST-0026,2026-05-12,59.0,6,travel,mobile,GB,22,283
TXN-000467,CUST-0226,2026-01-09,77.67,8,restaurants,in_store,US,65,2475
TXN-000468,CUST-0382,2026-05-01,24.69,8,utilities,online,DE,73,3140
TXN-000469,CUST-0064,2026-05-25,43.9,7,fuel,online,US,33,614
TXN-000470,CUST-0371,2026-04-30,52.29,5,healthcare,online,US,67,3065
TXN-000471,CUST-0353,2026-06-08,137.76,9,travel,online,US,75,3816
TXN-000472,CUST-0173,2026-06-07,25.84,5,fuel,in_store,GB,38,1290
TXN-000473,CUST-0147,2026-04-12,14.96,3,travel,online,US,72,3278
TXN-000474,CUST-0300,2026-01-03,8.26,1,electronics,in_store,US,61,2633
TXN-000475,CUST-0081,2026-05-27,15.79,4,fuel,online,FR,18,0
TXN-000476,CUST-0175,2026-03-28,54.89,11,travel,in_store,GB,57,2291
TXN-000477,CUST-0356,2026-03-22,21.22,3,fuel,online,NL,51,1821
TXN-000478,CUST-0077,2026-06-03,46.75,5,travel,mobile,US,53,2222
TXN-000479,CUST-0266,2026-01-18,5.76,1,healthcare,in_store,US,24,240
TXN-000480,CUST-0162,2026-03-12,67.57,10,utilities,mobile,FR,81,3405
TXN-000481,CUST-0197,2026-06-24,7.99,1,restaurants,mobile,GB,20,241
TXN-000482,CUST-0350,2026-05-12,104.02,10,utilities,online,GB,66,2862
TXN-000483,CUST-0315,2026-06-21,11.41,1,fuel,mobile,DE,51,1978
TXN-000484,CUST-0224,2026-03-23,129.64,8,travel,online,NL,68,2955
TXN-000485,CUST-0235,2026-05-19,3.08,1,restaurants,online,GB,63,2600
TXN-000486,CUST-0234,2026-06-22,13.93,4,electronics,in_store,US,21,372
TXN-000487,CUST-0127,2026-04-20,31.16,3,groceries,in_store,US,55,2256
TXN-000488,CUST-0378,2026-04-17,95.97,11,electronics,in_store,US,23,785
TXN-000489,CUST-0165,2026-04-24,52.29,11,electronics,online,US,43,1625
TXN-000490,CUST-0053,2026-03-07,60.96,10,travel,mobile,GB,81,4100
TXN-000491,CUST-0275,2026-04-19,20.66,3,restaurants,online,US,50,1724
TXN-000492,CUST-0057,2026-05-18,44.2,10,utilities,online,DE,77,3694
TXN-000493,CUST-0197,2026-02-20,37.24,5,restaurants,online,DE,42,1496
TXN-000494,CUST-0013,2026-01-05,2.48,1,restaurants,in_store,FR,27,217
TXN-000495,CUST-0162,2026-05-04,7.3,2,electronics,in_store,US,81,4045
TXN-000496,CUST-0116,2026-04-14,19.64,4,healthcare,in_store,GB,39,1026
TXN-000497,CUST-0082,2026-04-04,44.49,7,fuel,online,GB,24,339
TXN-000498,CUST-0117,2026-02-09,41.95,7,healthcare,online,FR,34,1492
TXN-000499,CUST-0195,2026-03-12,13.15,2,travel,in_store,DE,57,2602
TXN-000500,CUST-0382,2026-06-20,8.32,2,travel,in_store,GB,80,3798
TXN-000501,CUST-0229,2026-05-02,30.99,4,utilities,in_store,ES,49,2006
TXN-000502,CUST-0254,2026-02-22,29.5,8,travel,in_store,GB,69,3302
TXN-000503,CUST-0243,2026-01-28,39.2,5,fuel,online,DE,62,2646
TXN-000504,CUST-0351,2026-06-04,43.55,7,travel,mobile,GB,48,1454
TXN-000505,CUST-0335,2026-01-28,19.74,1,electronics,in_store,US,54,2567
TXN-000506,CUST-0044,2026-03-16,31.18,3,utilities,online,US,36,782
TXN-000507,CUST-0123,2026-05-12,41.67,4,restaurants,online,GB,59,2340
TXN-000508,CUST-0397,2026-01-17,80.28,11,utilities,in_store,ES,72,3274
TXN-000509,CUST-0099,2026-04-28,117.49,1,utilities,in_store,GB,18,4221
TXN-000510,CUST-0365,2026-05-16,4.87,1,restaurants,online,GB,32,730
TXN-000511,CUST-0022,2026-05-01,19.17,2,utilities,online,GB,64,2663
TXN-000512,CUST-0257,2026-06-18,50.34,4,healthcare,online,NL,32,777
TXN-000513,CUST-0272,2026-06-23,27.69,4,utilities,mobile,GB,18,0
TXN-000514,CUST-0084,2026-05-31,137.76,11,electronics,online,GB,75,3439
TXN-000515,CUST-0334,2026-02-06,91.8,8,travel,online,FR,44,1734
TXN-000516,CUST-0376,2026-06-02,18.03,2,restaurants,in_store,GB,25,380
TXN-000517,CUST-0019,2026-01-05,55.57,10,travel,in_store,GB,75,3268
TXN-000518,CUST-0377,2026-02-17,33.9,8,electronics,mobile,DE,32,1081
TXN-000519,CUST-0096,2026-03-21,30.97,3,fuel,online,FR,74,2586
TXN-000520,CUST-0187,2026-03-31,62.97,7,restaurants,online,GB,57,1909
TXN-000521,CUST-0381,2026-01-13,137.76,11,groceries,in_store,US,77,3473
TXN-000522,CUST-0341,2026-06-15,5.38,1,restaurants,online,FR,60,1963
TXN-000523,CUST-0389,2026-01-07,52.68,5,healthcare,online,US,66,3208
TXN-000524,CUST-0096,2026-01-15,137.76,9,utilities,online,DE,72,3003
TXN-000525,CUST-0357,2026-04-06,47.08,9,groceries,in_store,DE,29,837
TXN-000526,CUST-0117,2026-05-23,66.79,10,travel,online,US,44,1305
TXN-000527,CUST-0219,2026-03-18,8.7,1,utilities,mobile,DE,77,3360
TXN-000528,CUST-0363,2026-01-29,6.21,2,healthcare,online,US,69,3241
TXN-000529,CUST-0396,2026-05-22,30.84,5,groceries,online,FR,79,3684
TXN-000530,CUST-0032,2026-02-25,74.13,11,groceries,online,GB,20,184
TXN-000531,CUST-0365,2026-03-25,30.84,3,healthcare,mobile,GB,58,2905
TXN-000532,CUST-0248,2026-06-16,57.75,7,healthcare,online,GB,38,739
TXN-000533,CUST-0353,2026-04-23,120.06,11,utilities,in_store,GB,61,2346
TXN-000534,CUST-0057,2026-06-22,7.99,1,utilities,in_store,US,56,2660
TXN-000535,CUST-0138,2026-02-06,38.6,8,electronics,in_store,NL,40,1445
TXN-000536,CUST-0204,2026-04-16,78.84,7,fuel,in_store,FR,39,1460
TXN-000537,CUST-0123,2026-01-11,28.77,3,healthcare,in_store,GB,70,3256
TXN-000538,CUST-0336,2026-01-01,4.7,1,utilities,online,FR,61,2723
TXN-000539,CUST-0033,2026-05-28,28.0,4,electronics,in_store,DE,40,1275
TXN-000540,CUST-0096,2026-05-09,10.29,1,electronics,online,GB,40,1322
TXN-000541,CUST-0283,2026-03-31,137.76,8,utilities,online,GB,34,1641
TXN-000542,CUST-0169,2026-01-30,90.76,6,fuel,online,US,56,2240
TXN-000543,CUST-0259,2026-04-08,63.39,7,travel,online,GB,60,2694
TXN-000544,CUST-0268,2026-01-19,79.63,8,electronics,in_store,NL,26,369
TXN-000545,CUST-0298,2026-05-26,129.16,9,travel,online,GB,77,3490
TXN-000546,CUST-0305,2026-03-19,31.92,5,travel,online,US,38,853
TXN-000547,CUST-0268,2026-01-28,46.38,8,utilities,in_store,DE,76,3117
TXN-000548,CUST-0336,2026-05-25,12.09,1,utilities,in_store,GB,78,3213
TXN-000549,CUST-0087,2026-04-12,98.17,8,fuel,online,US,42,1393
TXN-000550,CUST-0282,2026-06-16,110.07,9,travel,online,DE,76,3415
TXN-000551,CUST-0251,2026-06-27,39.67,6,fuel,mobile,GB,71,3354
TXN-000552,CUST-0133,2026-04-09,34.02,7,healthcare,in_store,NL,22,336
TXN-000553,CUST-0201,2026-02-26,30.72,2,travel,in_store,GB,69,3492
TXN-000554,CUST-0166,2026-06-07,44.3,4,restaurants,in_store,DE,52,2044
TXN-000555,CUST-0145,2026-06-07,33.42,3,restaurants,in_store,FR,66,2728
TXN-000556,CUST-0198,2026-03-31,64.97,7,utilities,in_store,US,65,2640
TXN-000557,CUST-0065,2026-03-13,61.42,10,healthcare,mobile,FR,24,718
TXN-000558,CUST-0151,2026-02-20,4.1,1,electronics,online,NL,59,2061
TXN-000559,CUST-0015,2026-02-11,53.25,7,electronics,mobile,GB,38,1251
TXN-000560,CUST-0085,2026-02-08,66.53,9,restaurants,online,GB,67,3286
TXN-000561,CUST-0178,2026-02-01,137.76,11,groceries,in_store,US,78,3274
TXN-000562,CUST-0001,2026-02-18,103.35,9,groceries,online,DE,54,2368
TXN-000563,CUST-0372,2026-06-13,40.05,3,fuel,online,GB,75,3737
TXN-000564,CUST-0139,2026-06-10,30.85,2,travel,online,GB,73,3605
TXN-000565,CUST-0181,2026-01-16,98.59,1,electronics,mobile,US,18,4774
TXN-000566,CUST-0064,2026-05-06,26.04,3,utilities,in_store,US,49,1748
TXN-000567,CUST-0305,2026-06-23,22.77,5,electronics,mobile,US,62,2576
TXN-000568,CUST-0013,2026-01-17,58.95,7,electronics,online,FR,80,3708
TXN-000569,CUST-0205,2026-01-20,35.98,6,travel,in_store,FR,20,14
TXN-000570,CUST-0144,2026-02-13,94.81,9,electronics,online,US,51,1999
TXN-000571,CUST-0164,2026-04-04,60.5,9,travel,online,FR,59,2868
TXN-000572,CUST-0010,2026-03-08,13.74,2,utilities,mobile,NL,70,2589
TXN-000573,CUST-0302,2026-02-12,14.33,1,groceries,mobile,FR,19,312
TXN-000574,CUST-0391,2026-01-04,28.59,5,travel,online,GB,39,1668
TXN-000575,CUST-0019,2026-02-02,39.0,5,fuel,online,GB,29,714
TXN-000576,CUST-0394,2026-05-16,101.18,10,healthcare,mobile,FR,42,1053
TXN-000577,CUST-0385,2026-02-26,59.74,8,restaurants,mobile,GB,71,2800
TXN-000578,CUST-0365,2026-05-27,59.82,10,utilities,online,GB,32,360
TXN-000579,CUST-0135,2026-01-26,63.16,6,restaurants,online,ES,64,3066
TXN-000580,CUST-0273,2026-06-22,55.42,9,travel,online,NL,71,2751
TXN-000581,CUST-0260,2026-06-18,43.36,9,fuel,online,US,51,1984
TXN-000582,CUST-0057,2026-02-15,5.84,1,healthcare,in_store,GB,38,950
TXN-000583,CUST-0372,2026-03-29,73.27,10,groceries,online,DE,66,2850
TXN-000584,CUST-0382,2026-01-02,90.76,10,restaurants,mobile,GB,43,1279
TXN-000585,CUST-0182,2026-02-10,74.96,10,restaurants,online,NL,24,296
TXN-000586,CUST-0167,2026-04-16,76.42,8,travel,online,DE,74,3677
TXN-000587,CUST-0265,2026-01-20,126.12,11,healthcare,online,GB,20,220
TXN-000588,CUST-0147,2026-04-07,98.54,10,travel,online,GB,70,2966
TXN-000589,CUST-0383,2026-04-11,62.88,6,groceries,in_store,GB,32,806
TXN-000590,CUST-0383,2026-03-13,57.53,5,restaurants,in_store,FR,58,2386
TXN-000591,CUST-0210,2026-02-24,137.76,10,fuel,online,GB,68,2959
TXN-000592,CUST-0113,2026-03-05,132.48,9,fuel,online,GB,80,3652
TXN-000593,CUST-0317,2026-03-06,81.78,7,utilities,online,DE,71,3122
TXN-000594,CUST-0319,2026-02-22,10.05,1,restaurants,online,US,30,655
TXN-000595,CUST-0149,2026-02-10,34.39,9,utilities,online,US,57,2524
TXN-000596,CUST-0296,2026-01-22,31.76,4,travel,in_store,GB,52,1979
TXN-000597,CUST-0033,2026-01-09,89.31,1,healthcare,in_store,GB,19,4573
TXN-000598,CUST-0366,2026-04-01,12.99,2,fuel,online,DE,51,1842
TXN-000599,CUST-0159,2026-01-05,15.1,2,utilities,mobile,GB,69,3301
TXN-000600,CUST-0042,2026-03-30,48.83,6,fuel,online,GB,75,3864
TXN-000601,CUST-0165,2026-05-27,33.29,4,restaurants,mobile,GB,46,1666
TXN-000602,CUST-0355,2026-03-10,17.49,2,restaurants,online,GB,40,984
TXN-000603,CUST-0208,2026-05-22,91.56,1,fuel,online,GB,19,4474
TXN-000604,CUST-0120,2026-05-08,52.15,7,travel,mobile,DE,55,2227
TXN-000605,CUST-0053,2026-01-22,47.67,6,restaurants,mobile,DE,52,2107
TXN-000606,CUST-0188,2026-01-07,15.57,4,travel,in_store,GB,18,2
TXN-000607,CUST-0165,2026-05-13,17.88,5,electronics,mobile,GB,57,2314
TXN-000608,CUST-0395,2026-05-14,66.67,4,restaurants,online,GB,24,190
TXN-000609,CUST-0367,2026-04-09,7.44,1,fuel,in_store,NL,46,2032
TXN-000610,CUST-0292,2026-05-02,16.39,2,fuel,mobile,GB,21,416
TXN-000611,CUST-0276,2026-03-03,18.08,1,restaurants,online,US,71,3180
TXN-000612,CUST-0174,2026-01-08,30.11,4,travel,mobile,GB,69,2945
TXN-000613,CUST-0105,2026-04-23,38.96,3,groceries,in_store,GB,76,3575
TXN-000614,CUST-0281,2026-03-03,34.33,3,restaurants,in_store,GB,53,1995
TXN-000615,CUST-0029,2026-04-16,33.58,8,travel,online,US,50,2027
TXN-000616,CUST-0050,2026-02-12,40.65,3,restaurants,online,GB,43,1465
TXN-000617,CUST-0239,2026-06-23,36.49,5,fuel,in_store,DE,19,149
TXN-000618,CUST-0318,2026-03-18,101.44,10,electronics,in_store,DE,48,1886
TXN-000619,CUST-0124,2026-02-18,72.72,6,fuel,mobile,DE,24,650
TXN-000620,CUST-0320,2026-06-28,12.96,3,utilities,in_store,ES,66,2883
TXN-000621,CUST-0350,2026-05-09,56.55,2,groceries,online,GB,34,727
TXN-000622,CUST-0055,2026-05-04,26.18,5,restaurants,in_store,NL,54,2126
TXN-000623,CUST-0052,2026-05-12,84.56,10,fuel,online,ES,51,2404
TXN-000624,CUST-0368,2026-06-17,137.76,8,utilities,mobile,FR,38,1355
TXN-000625,CUST-0095,2026-06-19,96.18,11,healthcare,in_store,DE,70,3445
TXN-000626,CUST-0299,2026-05-24,22.01,3,travel,mobile,GB,43,1520
TXN-000627,CUST-0389,2026-06-10,135.45,9,electronics,in_store,US,30,798
TXN-000628,CUST-0391,2026-01-14,100.56,5,restaurants,online,GB,31,506
TXN-000629,CUST-0167,2026-01-31,109.32,9,healthcare,mobile,GB,50,1885
TXN-000630,CUST-0141,2026-01-29,4.61,1,utilities,in_store,GB,29,975
TXN-000631,CUST-0103,2026-06-05,16.44,2,groceries,in_store,GB,20,0
TXN-000632,CUST-0352,2026-05-16,44.7,4,fuel,mobile,US,57,2180
TXN-000633,CUST-0390,2026-03-29,21.86,2,healthcare,in_store,DE,35,1062
TXN-000634,CUST-0218,2026-01-22,9.04,1,groceries,online,GB,33,578
TXN-000635,CUST-0240,2026-05-19,137.76,10,healthcare,online,US,46,1334
TXN-000636,CUST-0035,2026-02-21,43.08,7,restaurants,mobile,DE,79,3769
TXN-000637,CUST-0007,2026-06-29,7.31,2,utilities,online,FR,40,1215
TXN-000638,CUST-0347,2026-05-03,77.26,9,travel,in_store,FR,60,2744
TXN-000639,CUST-0132,2026-03-19,26.84,5,groceries,mobile,US,52,1943
TXN-000640,CUST-0052,2026-04-22,38.12,5,utilities,online,US,66,2966
TXN-000641,CUST-0136,2026-06-11,14.51,2,utilities,mobile,US,37,1106
TXN-000642,CUST-0383,2026-04-11,28.31,4,restaurants,online,GB,38,1052
TXN-000643,CUST-0070,2026-06-18,70.23,8,electronics,in_store,DE,64,2745
TXN-000644,CUST-0289,2026-04-28,91.58,6,fuel,online,GB,20,663
TXN-000645,CUST-0314,2026-04-23,43.25,7,utilities,online,GB,19,0
TXN-000646,CUST-0320,2026-04-05,10.31,2,electronics,in_store,GB,52,2183
TXN-000647,CUST-0147,2026-06-02,15.62,2,groceries,in_store,US,20,655
TXN-000648,CUST-0251,2026-03-05,54.33,11,utilities,in_store,GB,31,742
TXN-000649,CUST-0176,2026-02-07,13.25,3,travel,online,GB,72,3272
TXN-000650,CUST-0390,2026-06-03,17.79,6,electronics,in_store,GB,57,1944
TXN-000651,CUST-0219,2026-03-12,137.76,9,restaurants,in_store,DE,72,3286
TXN-000652,CUST-0149,2026-04-28,63.25,11,groceries,in_store,US,51,1688
TXN-000653,CUST-0274,2026-03-23,15.44,2,travel,online,GB,20,168
TXN-000654,CUST-0288,2026-06-21,72.48,10,utilities,online,US,44,1778
TXN-000655,CUST-0039,2026-05-21,92.27,11,fuel,online,GB,73,3817
TXN-000656,CUST-0064,2026-06-21,76.02,9,electronics,in_store,GB,41,1524
TXN-000657,CUST-0175,2026-05-22,89.37,8,healthcare,online,GB,36,481
TXN-000658,CUST-0033,2026-01-11,112.0,11,groceries,in_store,FR,37,1031
TXN-000659,CUST-0058,2026-05-26,99.49,10,travel,online,GB,38,824
TXN-000660,CUST-0263,2026-01-12,26.3,5,utilities,online,GB,31,1279
TXN-000661,CUST-0178,2026-03-22,52.78,3,utilities,in_store,GB,46,2164
TXN-000662,CUST-0185,2026-05-16,110.84,10,travel,online,US,61,2351
TXN-000663,CUST-0182,2026-04-15,70.51,11,utilities,online,FR,51,1792
TXN-000664,CUST-0393,2026-02-14,69.28,6,groceries,online,NL,40,1827
TXN-000665,CUST-0271,2026-05-19,91.59,11,fuel,in_store,GB,36,1286
TXN-000666,CUST-0270,2026-02-12,13.09,2,travel,online,GB,32,1140
TXN-000667,CUST-0202,2026-05-27,69.36,11,utilities,mobile,DE,66,3132
TXN-000668,CUST-0321,2026-06-14,101.2,10,utilities,in_store,ES,61,2508
TXN-000669,CUST-0050,2026-06-04,67.61,10,utilities,in_store,ES,30,596
TXN-000670,CUST-0350,2026-04-09,27.82,3,fuel,online,GB,24,195
TXN-000671,CUST-0081,2026-04-24,27.5,10,restaurants,online,GB,60,2857
TXN-000672,CUST-0156,2026-01-10,78.28,11,electronics,online,GB,55,2235
TXN-000673,CUST-0264,2026-03-19,57.44,10,groceries,mobile,US,39,1450
TXN-000674,CUST-0373,2026-05-31,37.12,4,fuel,online,US,64,2726
TXN-000675,CUST-0142,2026-04-07,69.84,5,travel,in_store,US,47,2026
TXN-000676,CUST-0202,2026-02-11,21.38,2,utilities,online,GB,21,0
TXN-000677,CUST-0214,2026-05-08,31.56,7,groceries,in_store,NL,23,64
TXN-000678,CUST-0209,2026-05-19,10.85,2,restaurants,online,DE,73,3573
TXN-000679,CUST-0250,2026-06-29,97.31,9,healthcare,online,US,43,1590
TXN-000680,CUST-0146,2026-03-23,70.51,9,electronics,in_store,GB,19,0
TXN-000681,CUST-0367,2026-02-20,45.33,8,utilities,in_store,GB,43,1657
TXN-000682,CUST-0134,2026-01-30,43.89,5,utilities,mobile,DE,20,288
TXN-000683,CUST-0232,2026-03-20,22.43,5,healthcare,mobile,US,40,1161
TXN-000684,CUST-0042,2026-02-13,68.86,11,groceries,in_store,GB,55,2373
TXN-000685,CUST-0059,2026-04-14,13.08,6,fuel,online,ES,43,1340
TXN-000686,CUST-0362,2026-03-23,52.37,3,electronics,mobile,GB,42,1680
TXN-000687,CUST-0154,2026-06-01,81.56,11,healthcare,in_store,ES,47,2090
TXN-000688,CUST-0281,2026-05-28,42.57,6,healthcare,in_store,US,63,2750
TXN-000689,CUST-0087,2026-04-18,25.06,9,healthcare,online,US,45,1429
TXN-000690,CUST-0230,2026-02-15,98.59,7,groceries,online,GB,68,3073
TXN-000691,CUST-0011,2026-03-02,116.92,11,restaurants,online,US,70,3395
TXN-000692,CUST-0267,2026-05-10,25.28,3,restaurants,mobile,GB,44,1256
TXN-000693,CUST-0360,2026-04-26,58.75,9,electronics,online,NL,26,401
TXN-000694,CUST-0235,2026-02-13,33.06,7,fuel,online,US,68,2939
TXN-000695,CUST-0063,2026-03-21,5.73,1,fuel,in_store,ES,75,3671
TXN-000696,CUST-0246,2026-06-17,6.42,1,healthcare,mobile,NL,53,1852
TXN-000697,CUST-0285,2026-02-26,7.72,2,fuel,in_store,GB,62,2389
TXN-000698,CUST-0083,2026-03-29,14.18,3,travel,in_store,FR,59,2538
TXN-000699,CUST-0194,2026-05-08,31.44,2,groceries,online,NL,73,2932
TXN-000700,CUST-0115,2026-03-07,47.03,6,travel,in_store,DE,72,3317
