transaction_id,customer_id,transaction_date,amount,items,merchant_category,channel,country,customer_age,loyalty_points,batch_version
TXN-000001,CUST-0138,2026-03-01,41.73,7,utilities,online,NL,76,568,v3
TXN-000002,CUST-0065,2026-03-18,29.63,-1,healthcare,in_store,DE,30,3494,v3
TXN-000003,CUST-0230,2026-06-29,14.55,9,healthcare,mobile,DE,72,4124,v3
TXN-000004,CUST-0257,2026-06-22,72.71,3,restaurants,in_store,GB,59,728,v3
TXN-000005,CUST-0098,2026-02-03,9.59,5,utilities,online,GB,60,4868,v3
TXN-000006,CUST-0362,2026-04-01,54.63,2,groceries,mobile,GB,41,3307,v3
TXN-000007,CUST-0205,2026-03-12,25.97,2,utilities,online,NL,28,4228,v3
TXN-000008,CUST-0339,2026-06-12,11.22,3,fuel,mobile,GB,51,1126,v3
TXN-000009,CUST-0145,2026-01-10,28.16,10,electronics,online,FR,76,79,v3
TXN-000010,CUST-0200,2026-05-16,35.0,10,groceries,in_store,US,48,4552,v3
TXN-000011,CUST-0175,2026-02-21,65.85,9,restaurants,online,GB,20,3088,v3
TXN-000012,CUST-0393,2026-01-17,13.31,7,groceries,in_store,GB,38,2659,v3
TXN-000013,CUST-0117,2026-04-09,17.39,2,electronics,in_store,GB,43,4477,v3
TXN-000014,CUST-0286,2026-01-07,15.6,8,utilities,in_store,GB,35,2789,v3
TXN-000015,CUST-0316,2026-04-05,49.63,4,restaurants,online,NL,57,4064,v3
TXN-000016,CUST-0247,2026-01-12,32.96,1,travel,online,ES,75,3872,v3
TXN-000017,CUST-0137,2026-04-12,18.83,7,travel,in_store,GB,66,2090,v3
TXN-000018,CUST-0138,2026-06-21,18.45,5,travel,online,DE,61,2174,v3
TXN-000019,CUST-0293,2026-01-29,39.74,7,groceries,online,DE,66,4075,v3
TXN-000020,CUST-0164,2026-06-17,29.41,5,fuel,online,US,67,3173,v3
TXN-000021,CUST-0369,2026-06-09,17.3,6,healthcare,mobile,GB,35,2250,v3
TXN-000022,CUST-0238,2026-03-19,9.77,9,restaurants,online,GB,61,1767,v3
TXN-000023,CUST-0141,2026-03-08,40.74,5,electronics,online,GB,74,1997,v3
TXN-000024,CUST-0127,2026-05-16,25.47,8,groceries,mobile,DE,37,903,v3
TXN-000025,CUST-0104,2026-02-06,10.68,10,fuel,online,FR,56,1565,v3
TXN-000026,CUST-0395,2026-03-20,59.86,11,utilities,mobile,GB,33,3330,v3
TXN-000027,CUST-0070,2026-06-10,6.75,5,electronics,online,US,67,682,v3
TXN-000028,CUST-0029,2026-02-04,7.88,4,fuel,in_store,DE,77,1841,v3
TXN-000029,CUST-0245,2026-04-30,21.66,8,healthcare,mobile,NL,61,4665,v3
TXN-000030,CUST-0376,2026-03-14,26.54,11,fuel,in_store,US,49,1553,v3
TXN-000031,CUST-0244,2026-03-30,40.27,9,fuel,in_store,US,44,1466,v3
TXN-000032,CUST-0130,2026-06-07,23.05,7,healthcare,online,GB,45,4586,v3
TXN-000033,CUST-0027,2026-05-22,20.12,9,fuel,in_store,GB,74,1310,v3
TXN-000034,CUST-0049,2026-04-11,27.4,3,travel,mobile,GB,62,1262,v3
TXN-000035,CUST-0223,2026-04-16,24.73,10,fuel,online,ES,27,4875,v3
TXN-000036,CUST-0149,2026-04-16,37.53,8,travel,online,FR,44,1697,v3
TXN-000037,CUST-0157,2026-02-27,24.53,3,groceries,in_store,US,74,1715,v3
TXN-000038,CUST-0111,2026-06-20,118.79,7,travel,mobile,GB,51,128,v3
TXN-000039,CUST-0187,2026-03-16,23.07,4,restaurants,mobile,FR,29,926,v3
TXN-000040,CUST-0058,2026-01-24,28.84,9,restaurants,online,ES,66,3951,v3
TXN-000041,CUST-0154,2026-05-04,14.63,10,restaurants,online,GB,75,3028,v3
TXN-000042,CUST-0288,2026-01-26,3.48,1,electronics,in_store,GB,77,673,v3
TXN-000043,CUST-0329,2026-03-30,86.51,2,restaurants,online,US,33,1469,v3
TXN-000044,CUST-0346,2026-01-06,15.83,6,healthcare,in_store,NL,36,3711,v3
TXN-000045,CUST-0249,2026-03-14,11.38,1,restaurants,in_store,NL,45,2268,v3
TXN-000046,CUST-0150,2026-02-22,29.38,3,restaurants,in_store,FR,64,2350,v3
TXN-000047,CUST-0203,2026-02-06,78.79,4,utilities,in_store,US,72,1680,v3
TXN-000048,CUST-0234,not-a-date,87.39,1,utilities,in_store,GB,28,4093,v3
TXN-000049,CUST-0236,2026-03-29,8.78,5,restaurants,mobile,ES,41,1114,v3
TXN-000050,CUST-0164,2026-06-22,20.43,6,groceries,mobile,GB,43,1688,v3
TXN-000051,CUST-0071,2026-04-13,33.95,11,electronics,in_store,GB,26,4632,v3
TXN-000052,CUST-0261,2026-04-25,112.57,9,restaurants,online,GB,74,722,v3
TXN-000053,CUST-0353,2026-04-20,26.6,5,electronics,online,NL,57,44,v3
TXN-000054,CUST-0046,2026-06-08,23.12,3,restaurants,in_store,FR,73,3547,v3
TXN-000055,CUST-0188,2026-06-01,8.75,8,healthcare,online,DE,31,4856,v3
TXN-000056,CUST-0228,2026-01-20,14.94,6,fuel,online,FR,39,4888,v3
TXN-000057,CUST-0251,2026-02-25,9.23,8,utilities,online,NL,39,2106,v3
TXN-000058,CUST-0210,2026-06-28,66.14,6,healthcare,in_store,NL,23,350,v3
TXN-000059,CUST-0334,2026-02-14,33.39,2,travel,in_store,GB,47,4872,v3
TXN-000060,CUST-0044,2026-06-14,4.56,1,healthcare,online,ES,21,1525,v3
TXN-000061,CUST-0116,2026-01-10,47.53,11,fuel,online,DE,74,unknown,v3
TXN-000062,CUST-0005,2026-04-26,17.54,8,restaurants,online,GB,37,3044,v3
TXN-000063,CUST-0100,2026-05-03,71.96,8,healthcare,online,GB,66,1636,v3
TXN-000064,CUST-0251,2026-02-07,11.78,3,restaurants,in_store,US,36,1371,v3
TXN-000065,CUST-0219,2026-05-31,6.47,7,groceries,online,GB,73,2846,v3
TXN-000066,CUST-0142,2026-06-19,56.7,5,electronics,online,NL,43,1871,v3
TXN-000067,CUST-0058,2026-01-09,41.62,1,healthcare,in_store,ES,77,4606,v3
TXN-000068,CUST-0290,31/02/2026,14.78,9,electronics,online,GB,80,4638,v3
TXN-000069,CUST-0319,2026-02-12,18.76,6,restaurants,online,GB,62,1769,v3
TXN-000070,CUST-0014,2026-03-26,24.58,5,travel,mobile,GB,71,n/a ,v3
TXN-000071,CUST-0350,2026-06-21,21.45,3,electronics,online,US,22,3233,v3
TXN-000072,CUST-0192,2026-06-03,-6.83,3,utilities,in_store,FR,44,894,v3
TXN-000073,CUST-0187,2026-06-25,20.27,1,utilities,online,US,49,3678,v3
TXN-000074,CUST-0174,2026-02-13,22.55,8,electronics,online,US,19,3367,v3
TXN-000075,CUST-0188,2026-06-10,19.8,7,utilities,online,US,37,3679,v3
TXN-000076,CUST-0333,2026-02-22,84.19,5,groceries,mobile,GB,55,2324,v3
TXN-000077,CUST-0312,2026-04-09,35.6,2,restaurants,in_store,FR,33,4684,v3
TXN-000078,CUST-0271,2026-06-13,56.93,3,fuel,in_store,US,33,983,v3
TXN-000079,CUST-0371,2026-06-28,14.26,7,electronics,in_store,US,58,2602,v3
TXN-000080,CUST-0286,2026-01-15,16.17,5,utilities,online,GB,43,2980,v3
TXN-000081,CUST-0289,2026-06-14,24.84,9,restaurants,in_store,DE,54,4969,v3
TXN-000082,CUST-0300,2026-04-22,5.48,7,electronics,online,GB,23,2957,v3
TXN-000083,CUST-0230,2026-06-09,15.7,5,utilities,online,GB,36,4662,v3
TXN-000084,CUST-0297,2026-01-26,8.8,3,travel,in_store,NL,61,2956,v3
TXN-000085,CUST-0105,2026-03-03,20.95,5,groceries,online,GB,58,1944,v3
TXN-000086,CUST-0310,2026-04-02,23.23,1,fuel,in_store,NL,62,1831,v3
TXN-000087,CUST-0322,2026-02-25,23.31,1,restaurants,in_store,US,28,1109,v3
TXN-000088,CUST-0384,2026-06-01,-21.07,4,travel,online,US,49,1119,v3
TXN-000089,CUST-0219,2026-01-15,25.41,4,healthcare,online,US,57,3753,v3
TXN-000090,CUST-0201,2026-02-12,18.39,2,restaurants,online,GB,79,3723,v3
TXN-000091,CUST-0245,2026-05-08,30.34,7,electronics,in_store,ES,25,379,v3
TXN-000092,CUST-0175,2026-03-18,38.41,2,fuel,in_store,GB,59,2493,v3
TXN-000093,CUST-0059,2026-04-27,21.34,3,electronics,online,FR,63,1216,v3
TXN-000094,CUST-0135,2026-05-01,10.88,8,fuel,in_store,US,41,3004,v3
TXN-000095,CUST-0222,2026-05-15,24.85,6,travel,online,DE,49,1906,v3
TXN-000096,CUST-0021,2026-05-18,14.09,5,electronics,online,US,29,3758,v3
TXN-000097,CUST-0325,2026-05-01,58.51,4,groceries,online,US,52,3144,v3
TXN-000098,CUST-0173,2026-06-01,29.02,7,groceries,online,GB,27,4261,v3
TXN-000099,CUST-0317,2026-02-09,23.87,7,restaurants,online,US,46,692,v3
TXN-000100,CUST-0025,2026-05-08,11.43,1,utilities,online,NL,73,2449,v3
TXN-000101,CUST-0289,2026-04-24,10.46,9,fuel,online,GB,32,3900,v3
TXN-000102,CUST-0045,2026-03-01,23.37,3,groceries,online,GB,70,4721,v3
TXN-000103,CUST-0199,2026-04-01,63.4,10,fuel,online,GB,60,1371,v3
TXN-000104,CUST-0232,2026-03-16,13.77,3,restaurants,in_store,US,25,3202,v3
TXN-000105,CUST-0065,2026-03-07,94.0,2,utilities,online,US,62,3985,v3
TXN-000106,CUST-0233,2026-03-31,17.78,7,healthcare,online,ES,79,3698,v3
TXN-000107,CUST-0017,2026-01-29,25.95,3,groceries,mobile,DE,77,1254,v3
TXN-000108,CUST-0322,2026-03-09,48.01,6,utilities,mobile,DE,23,1753,v3
TXN-000109,CUST-0017,2026-01-07,23.91,6,utilities,mobile,US,80,4844,v3
TXN-000110,CUST-0142,2026-02-08,30.61,10,restaurants,in_store,GB,79,1568,v3
TXN-000111,CUST-0069,2026-03-22,8.43,11,utilities,in_store,GB,40,2601,v3
TXN-000112,CUST-0351,2026-01-01,14.79,2,groceries,online,US,21,3052,v3
TXN-000113,CUST-0051,2026-06-17,41.3,5,groceries,in_store,GB,42,380,v3
TXN-000114,CUST-0207,2026-03-04,18.91,7,travel,in_store,GB,43,3714,v3
TXN-000115,CUST-0141,2026-03-23,74.04,11,travel,in_store,GB,53,584,v3
TXN-000116,CUST-0185,2026-01-29,18.26,4,groceries,online,GB,76,755,v3
TXN-000117,CUST-0316,2026-05-18,59.12,2,utilities,mobile,GB,75,2952,v3
TXN-000118,CUST-0332,2026-01-06,8.38,7,travel,in_store,GB,59,2687,v3
TXN-000119,CUST-0304,2026-04-03,33.29,4,travel,online,ES,44,735,v3
TXN-000120,CUST-0119,2026-03-06,17.32,5,groceries,online,GB,50,4203,v3
TXN-000121,CUST-0232,2026-03-15,17.61,11,groceries,in_store,US,70,4772,v3
TXN-000122,CUST-0270,2026-01-05,46.25,8,utilities,online,GB,43,616,v3
TXN-000123,CUST-0343,2026-05-16,19.98,1,restaurants,mobile,GB,33,1728,v3
TXN-000124,CUST-0209,2026-06-26,13.97,10,groceries,online,GB,42,2806,v3
TXN-000125,CUST-0255,2026-01-09,26.91,10,groceries,in_store,DE,39,4288,v3
TXN-000126,CUST-0021,2026-06-27,9.72,1,restaurants,online,NL,76,4607,v3
TXN-000127,CUST-0379,2026-06-23,41.47,6,healthcare,mobile,FR,48,2700,v3
TXN-000128,CUST-0187,2026-06-14,29.39,11,,online,US,74,179,v3
TXN-000129,CUST-0330,not-a-date,22.51,11,restaurants,in_store,GB,34,3721,v3
TXN-000130,CUST-0321,2026-05-04,20.23,1,restaurants,in_store,DE,45,3276,v3
TXN-000131,CUST-0355,2026-04-27,35.06,5,electronics,in_store,NL,77,4228,v3
TXN-000132,CUST-0001,2026-01-26,5.24,2,fuel,online,GB,39,3787,v3
TXN-000133,CUST-0240,2026-06-17,20.01,3,electronics,online,DE,42,1834,v3
TXN-000134,CUST-0384,2026-06-22,31.09,3,groceries,mobile,US,47,2301,v3
TXN-000135,CUST-0131,2026-03-23,43.5,7,fuel,mobile,NL,80,1363,v3
TXN-000136,CUST-0366,2026-03-17,12.94,4,restaurants,in_store,US,26,131,v3
TXN-000137,CUST-0191,2026-04-30,15.21,11,fuel,online,US,77,2921,v3
TXN-000138,CUST-0191,2026-03-08,50.0,4,groceries,online,US,20,1537,v3
TXN-000139,CUST-0279,2026-06-22,25.14,3,utilities,mobile,GB,40,2729,v3
TXN-000140,CUST-0384,2026-06-22,14.49,7,electronics,in_store,GB,19,2002,v3
TXN-000141,CUST-0338,2026-04-05,13.23,7,groceries,in_store,GB,68,3969,v3
TXN-000142,CUST-0384,2026-02-20,42.54,9,restaurants,mobile,GB,54,2154,v3
TXN-000143,CUST-0231,2026-05-23,44.37,6,restaurants,mobile,FR,51,3283,v3
TXN-000144,CUST-0147,2026-05-24,31.57,3,electronics,in_store,GB,22,4263,v3
TXN-000145,CUST-0193,2026-03-09,7.45,3,travel,mobile,DE,33,2805,v3
TXN-000146,CUST-0052,2026-05-14,15.27,11,groceries,in_store,GB,51,1685,v3
TXN-000147,CUST-0299,2026-01-15,8.45,9,groceries,in_store,GB,69,671,v3
TXN-000148,CUST-0381,2026-06-14,22.99,10,restaurants,in_store,ES,24,3929,v3
TXN-000149,CUST-0296,2026-03-13,37.91,10,utilities,in_store,US,68,1598,v3
TXN-000150,CUST-0272,2026-01-19,58.01,1,healthcare,in_store,GB,71,412,v3
TXN-000151,CUST-0016,2026-03-16,10.13,10,healthcare,online,GB,54,1309,v3
TXN-000152,CUST-0267,2026-06-09,-24.18,8,electronics,online,US,32,2155,v3
TXN-000153,CUST-0010,2026-04-04,5.91,11,groceries,online,US,35,2532,v3
TXN-000154,CUST-0395,2026-02-23,35.49,9,,online,GB,59,1839,v3
TXN-000155,CUST-0364,2026-01-24,78.98,7,groceries,in_store,US,70,1800,v3
TXN-000156,CUST-0185,2026-03-26,14.07,4,restaurants,in_store,GB,64,2324,v3
TXN-000157,CUST-0036,2026-03-16,30.36,11,groceries,in_store,GB,33,967,v3
TXN-000158,CUST-0370,2026-06-27,54.71,7,restaurants,mobile,GB,40,3267,v3
TXN-000159,CUST-0279,2026-06-15,67.0,10,restaurants,in_store,FR,49,2173,v3
TXN-000160,CUST-0073,2026-05-12,21.92,11,utilities,online,DE,42,1314,v3
TXN-000161,CUST-0253,2026-05-05,12.81,10,groceries,in_store,FR,73,2132,v3
TXN-000162,CUST-0232,2026-03-20,15.85,4,electronics,in_store,DE,23,858,v3
TXN-000163,CUST-0259,2026-02-17,11.44,2,restaurants,in_store,DE,59,1813,v3
TXN-000164,CUST-0200,2026-05-07,14.25,9,travel,mobile,DE,36,1886,v3
TXN-000165,CUST-0117,31/02/2026,36.64,7,restaurants,mobile,GB,57,315,v3
TXN-000166,CUST-0395,2026-01-23,21.76,6,utilities,mobile,NL,40,2417,v3
TXN-000167,CUST-0032,2026-04-18,77.87,4,   ,online,FR,54,3929,v3
TXN-000168,CUST-0192,2026-05-24,15.85,2,groceries,online,US,79,3514,v3
TXN-000169,CUST-0126,2026-02-25,8.91,6,healthcare,online,US,41,834,v3
TXN-000170,CUST-0173,2026-05-24,24.27,8,healthcare,in_store,US,77,2287,v3
TXN-000171,CUST-0312,2026-06-07,21.41,7,fuel,online,DE,57,1110,v3
TXN-000172,CUST-0268,2026-01-25,8.18,5,electronics,mobile,GB,18,1523,v3
TXN-000173,CUST-0244,2026-01-24,8.53,8,groceries,mobile,FR,57,3920,v3
TXN-000174,CUST-0332,2026-06-15,106.87,-1,restaurants,mobile,GB,25,347,v3
TXN-000175,CUST-0011,2026-02-12,88.49,6,restaurants,mobile,US,81,3583,v3
TXN-000176,CUST-0367,2026-05-15,25.03,11,fuel,online,US,74,4362,v3
TXN-000177,CUST-0159,2026-06-25,21.19,10,groceries,online,ES,69,3803,v3
TXN-000178,CUST-0096,2026-06-26,-10.48,6,fuel,online,GB,69,3128,v3
TXN-000179,CUST-0205,2026-03-17,12.0,8,electronics,in_store,GB,41,1414,v3
TXN-000180,CUST-0173,2026-03-05,21.93,9,restaurants,online,DE,79,2090,v3
TXN-000181,CUST-0266,2026-02-16,21.79,6,travel,mobile,US,69,4282,v3
TXN-000182,CUST-0336,2026-06-08,41.27,9,  ,online,NL,18,1997,v3
TXN-000183,CUST-0085,2026-06-25,35.12,2,fuel,online,GB,53,1844,v3
TXN-000184,CUST-0324,2026-04-09,28.19,4,healthcare,in_store,FR,36,1676,v3
TXN-000185,CUST-0312,2026-04-18,4.6,9,restaurants,online,US,20,1520,v3
TXN-000186,CUST-0154,2026-01-16,17.98,6,   ,in_store,DE,75,1613,v3
TXN-000187,CUST-0169,2026-01-03,7.62,7,fuel,in_store,US,21,3897,v3
TXN-000188,CUST-0362,2026-06-06,23.24,6,groceries,in_store,US,25,3945,v3
TXN-000189,CUST-0187,2026-03-01,8.26,8,restaurants,online,DE,59,2535,v3
TXN-000190,CUST-0166,2026-01-24,23.22,6,utilities,mobile,FR,45,286,v3
TXN-000191,CUST-0061,2026-03-03,14.03,11,groceries,in_store,FR,52,2295,v3
TXN-000192,CUST-0307,2026-06-22,20.11,-1,restaurants,in_store,DE,48,3341,v3
TXN-000193,CUST-0200,2026-02-01,59.65,6,utilities,online,US,46,3229,v3
TXN-000194,CUST-0140,2026-05-10,12.7,11,electronics,in_store,US,20,2213,v3
TXN-000195,CUST-0143,2026-05-22,29.06,3,travel,online,NL,69,1813,v3
TXN-000196,CUST-0063,2026-05-25,72.76,8,travel,online,NL,43,2696,v3
TXN-000197,CUST-0319,2026-03-08,11.01,-1,healthcare,mobile,DE,78,1216,v3
TXN-000198,CUST-0379,2026-04-24,14.12,5,restaurants,online,DE,33,61,v3
TXN-000199,CUST-0332,2026-03-21,71.97,1,restaurants,mobile,DE,65,1141,v3
TXN-000200,CUST-0013,2026-06-25,39.07,2,healthcare,mobile,US,73,4284,v3
TXN-000201,CUST-0112,2026-04-09,49.68,4,fuel,online,US,24,2662,v3
TXN-000202,CUST-0390,2026-03-08,15.96,10,utilities,mobile,US,54,2883,v3
TXN-000203,CUST-0235,2026-05-04,17.06,7,fuel,online,ES,29,58,v3
TXN-000204,CUST-0338,2026-05-10,37.44,5,restaurants,in_store,FR,66,4839,v3
TXN-000205,CUST-0338,2026-01-18,21.87,9,electronics,in_store,GB,78,4450,v3
TXN-000206,CUST-0317,2026-01-29,10.95,7,fuel,in_store,NL,40,4902,v3
TXN-000207,CUST-0018,2026-13-45,15.8,11,restaurants,online,GB,54,2046,v3
TXN-000208,CUST-0398,2026-01-15,13.38,7,travel,in_store,GB,52,1621,v3
TXN-000209,CUST-0385,2026-01-26,78.51,10,groceries,in_store,US,47,2321,v3
TXN-000210,CUST-0292,2026-04-29,48.18,4,,online,DE,60,4539,v3
TXN-000211,CUST-0285,2026-13-45,29.41,8,travel,online,NL,49,568,v3
TXN-000212,CUST-0017,2026-03-25,24.58,3,utilities,online,GB,65,1668,v3
TXN-000213,CUST-0204,2026-03-24,7.13,10,travel,online,ES,80,4798,v3
TXN-000214,CUST-0176,2026-06-26,176.01,7,utilities,online,US,36,157,v3
TXN-000215,CUST-0092,2026-05-03,27.62,3,restaurants,mobile,GB,64,157,v3
TXN-000216,CUST-0151,2026-05-02,37.5,9,healthcare,online,US,33,2911,v3
TXN-000217,CUST-0098,2026-04-02,7.88,11,electronics,mobile,DE,22,1620,v3
TXN-000218,CUST-0001,2026-05-25,33.41,-1,electronics,in_store,GB,54,3973,v3
TXN-000219,CUST-0005,2026-01-23,47.6,4,groceries,in_store,FR,67,4071,v3
TXN-000220,CUST-0086,2026-06-07,22.01,3,utilities,in_store,DE,81,2667,v3
TXN-000221,CUST-0112,2026-02-06,39.77,7,fuel,mobile,US,59,3042,v3
TXN-000222,CUST-0093,2026-03-11,28.9,7,fuel,online,US,40,2191,v3
TXN-000223,CUST-0105,2026-04-29,16.67,1,fuel,mobile,NL,60,4896,v3
TXN-000224,CUST-0252,2026-06-18,47.03,2,electronics,in_store,GB,69,4296,v3
TXN-000225,CUST-0042,2026-03-05,6.43,5,electronics,mobile,US,55,4247,v3
TXN-000226,CUST-0106,2026-04-02,45.23,8,utilities,online,FR,50,1365,v3
TXN-000227,CUST-0379,2026-04-07,-19.49,10,restaurants,in_store,GB,18,148,v3
TXN-000228,CUST-0242,2026-04-05,10.27,4,fuel,in_store,GB,47,1474,v3
TXN-000229,CUST-0054,2026-04-23,15.83,8,fuel,in_store,DE,31,4492,v3
TXN-000230,CUST-0336,2026-03-07,69.32,3,travel,in_store,US,29,2053,v3
TXN-000231,CUST-0192,2026-06-15,42.59,9,fuel,online,FR,40,4903,v3
TXN-000232,CUST-0350,2026-03-02,35.59,10,electronics,online,FR,48,2348,v3
TXN-000233,CUST-0122,2026-04-15,23.06,4,travel,in_store,US,64,4438,v3
TXN-000234,CUST-0046,2026-01-19,98.02,1,travel,mobile,DE,43,2906,v3
TXN-000235,CUST-0290,2026-01-27,5.31,-1,travel,in_store,NL,69,2097,v3
TXN-000236,CUST-0324,2026-06-13,25.26,6,healthcare,in_store,US,36,2349,v3
TXN-000237,CUST-0099,2026-03-11,11.84,3,electronics,in_store,DE,64,3790,v3
TXN-000238,CUST-0278,2026-05-07,125.0,-1,restaurants,online,NL,38,1309,v3
TXN-000239,CUST-0139,2026-02-09,24.38,1,healthcare,mobile,GB,78,unknown,v3
TXN-000240,CUST-0187,2026-04-14,25.36,1,electronics,online,DE,51,1662,v3
TXN-000241,CUST-0249,2026-01-05,38.49,11,healthcare,mobile,DE,48,4189,v3
TXN-000242,CUST-0321,2026-05-01,26.01,8,utilities,in_store,US,73,3138,v3
TXN-000243,CUST-0393,2026-06-12,31.18,2,groceries,in_store,GB,60,4687,v3
TXN-000244,CUST-0176,2026-04-16,54.72,6,fuel,online,US,74,3443,v3
TXN-000245,CUST-0355,2026-01-29,140.2,8,groceries,in_store,DE,61,4687,v3
TXN-000246,CUST-0113,2026-04-21,41.0,8,groceries,in_store,GB,58,2578,v3
TXN-000247,CUST-0171,2026-05-09,14.95,10,utilities,mobile,GB,74,1064,v3
TXN-000248,CUST-0112,2026-02-07,20.29,5,groceries,online,GB,70,3267,v3
TXN-000249,CUST-0127,2026-03-29,36.31,8,healthcare,mobile,DE,33,205,v3
TXN-000250,CUST-0197,2026-02-21,18.85,8,fuel,in_store,US,23,2121,v3
TXN-000251,CUST-0177,2026-05-26,-13.07,9,restaurants,mobile,GB,35,3908,v3
TXN-000252,CUST-0070,2026-05-21,6.41,7,utilities,online,GB,26,4542,v3
TXN-000253,CUST-0263,2026-05-11,6.65,2,groceries,in_store,DE,74,4153,v3
TXN-000254,CUST-0218,2026-02-13,14.38,6,utilities,online,GB,62,2651,v3
TXN-000255,CUST-0030,2026-05-17,17.17,3,healthcare,online,GB,55,3017,v3
TXN-000256,CUST-0056,2026-01-02,42.22,5,restaurants,mobile,FR,59,1826,v3
TXN-000257,CUST-0356,2026-05-16,-18.26,9,utilities,in_store,US,53,2540,v3
TXN-000258,CUST-0226,2026-05-12,11.93,2,electronics,online,GB,51,422,v3
TXN-000259,CUST-0279,2026-03-08,15.45,6,electronics,in_store,US,47,110,v3
TXN-000260,CUST-0389,2026-01-18,58.0,9,utilities,online,DE,18,3234,v3
TXN-000261,CUST-0296,2026-04-18,6.17,9,utilities,in_store,GB,74,1321,v3
TXN-000262,CUST-0308,2026-06-22,17.93,4,utilities,in_store,US,60,2572,v3
TXN-000263,CUST-0002,2026-03-23,12.69,2,groceries,online,GB,31,4145,v3
TXN-000264,CUST-0107,2026-05-15,22.18,7,utilities,online,GB,57,122,v3
TXN-000265,CUST-0006,31/02/2026,27.39,6,travel,mobile,US,29,2464,v3
TXN-000266,CUST-0035,2026-06-21,14.31,8,electronics,in_store,DE,61,2215,v3
TXN-000267,CUST-0009,2026-01-15,51.26,3,fuel,online,US,46,3784,v3
TXN-000268,CUST-0022,2026-01-03,7.5,4,restaurants,mobile,GB,51,337,v3
TXN-000269,CUST-0386,2026-04-04,19.77,4,utilities,in_store,GB,40,3938,v3
TXN-000270,CUST-0199,2026-06-21,2.64,1,healthcare,mobile,DE,51,4281,v3
TXN-000271,CUST-0380,2026-01-08,50.1,9,utilities,online,US,62,4287,v3
TXN-000272,CUST-0375,2026-02-22,33.55,8,travel,mobile,FR,78,416,v3
TXN-000273,CUST-0231,2026-01-07,22.25,4,groceries,mobile,GB,46,2578,v3
TXN-000274,CUST-0340,2026-05-28,78.93,4,electronics,mobile,US,64,951,v3
TXN-000275,CUST-0267,2026-01-08,55.29,8,travel,in_store,FR,41,3935,v3
TXN-000276,CUST-0249,2026-05-02,25.17,1,electronics,online,GB,48,2639,v3
TXN-000277,CUST-0003,2026-01-13,18.88,7,travel,in_store,US,20,4453,v3
TXN-000278,CUST-0327,2026-01-06,9.77,9,,in_store,DE,22,2649,v3
TXN-000279,CUST-0098,2026-05-08,-37.61,11,utilities,in_store,GB,53,2354,v3
TXN-000280,CUST-0021,2026-02-15,69.51,4,electronics,in_store,US,24,4367,v3
TXN-000281,CUST-0301,2026-06-19,27.74,4,fuel,in_store,US,33,351,v3
TXN-000282,CUST-0059,2026-06-05,10.36,10,fuel,online,GB,42,1802,v3
TXN-000283,CUST-0017,2026-05-19,20.73,5,travel,online,NL,72,72,v3
TXN-000284,CUST-0234,2026-02-18,20.85,6,healthcare,online,GB,43,1322,v3
TXN-000285,CUST-0198,2026-05-23,83.45,11,groceries,mobile,US,56,3759,v3
TXN-000286,CUST-0291,2026-04-06,31.34,7,electronics,online,GB,23,3390,v3
TXN-000287,CUST-0021,2026-03-15,16.19,9,healthcare,mobile,FR,31,4744,v3
TXN-000288,CUST-0143,2026-06-15,11.88,8,healthcare,mobile,US,69,226,v3
TXN-000289,CUST-0089,2026-03-31,41.52,11,fuel,in_store,GB,22,915,v3
TXN-000290,CUST-0101,2026-06-04,104.79,2,fuel,online,FR,51,386,v3
TXN-000291,CUST-0162,2026-04-11,29.72,-1,   ,mobile,ES,35,1714,v3
TXN-000292,CUST-0287,2026-06-13,115.23,5,electronics,mobile,GB,24,1835,v3
TXN-000293,CUST-0346,2026-06-09,25.64,10,fuel,mobile,US,73,949,v3
TXN-000294,CUST-0168,2026-06-18,76.73,7,restaurants,online,GB,81,2471,v3
TXN-000295,CUST-0091,2026-01-21,49.38,2,travel,online,NL,43,1541,v3
TXN-000296,CUST-0219,2026-02-06,13.14,4,restaurants,in_store,DE,69,529,v3
TXN-000297,CUST-0197,2026-05-28,15.49,10,groceries,online,DE,55,2003,v3
TXN-000298,CUST-0205,2026-04-12,59.31,3,utilities,in_store,GB,74,4004,v3
TXN-000299,CUST-0211,2026-04-22,17.23,4,groceries,in_store,ES,50,4800,v3
TXN-000300,CUST-0247,2026-03-24,10.56,9,utilities,online,DE,24,162,v3
TXN-000301,CUST-0027,2026-03-06,28.96,7,healthcare,mobile,GB,28,n/a ,v3
TXN-000302,CUST-0030,2026-04-10,81.22,1,fuel,online,US,29,2000,v3
TXN-000303,CUST-0396,,24.83,7,groceries,online,GB,25,4080,v3
TXN-000304,CUST-0346,2026-05-14,84.08,6,healthcare,mobile,US,20,2053,v3
TXN-000305,CUST-0037,2026-06-01,16.17,9,healthcare,online,GB,44,85,v3
TXN-000306,CUST-0167,2026-03-21,18.68,3,healthcare,in_store,DE,20,4666,v3
TXN-000307,CUST-0187,2026-01-04,13.35,9,fuel,in_store,DE,20,317,v3
TXN-000308,CUST-0255,2026-03-30,71.74,5,healthcare,online,DE,27,2243,v3
TXN-000309,CUST-0197,2026-04-19,42.53,2,fuel,in_store,GB,49,2782,v3
TXN-000310,CUST-0302,2026-01-05,12.48,1,groceries,mobile,GB,65,2255,v3
TXN-000311,CUST-0100,2026-03-10,11.4,5,fuel,online,US,53,1173,v3
TXN-000312,CUST-0368,2026-05-10,20.17,10,healthcare,mobile,DE,50,2602,v3
TXN-000313,CUST-0040,2026-02-22,21.2,2,groceries,in_store,GB,76,3664,v3
TXN-000314,CUST-0123,2026-06-24,59.07,7,fuel,online,DE,61,3838,v3
TXN-000315,CUST-0204,2026-02-02,31.33,1,utilities,in_store,US,81,287,v3
TXN-000316,CUST-0209,2026-05-13,27.39,1,utilities,online,US,80,3663,v3
TXN-000317,CUST-0306,2026-03-12,10.86,10,travel,online,GB,63,4549,v3
TXN-000318,CUST-0164,2026-03-19,13.81,7,healthcare,in_store,US,64,2903,v3
TXN-000319,CUST-0167,2026-06-05,6.27,6,utilities,in_store,NL,23,4663,v3
TXN-000320,CUST-0216,2026-04-05,6.06,11,electronics,online,US,66,1634,v3
TXN-000321,CUST-0176,2026-06-05,29.86,8,travel,online,GB,78,162,v3
TXN-000322,CUST-0362,2026-04-23,17.27,9,utilities,in_store,GB,29,2708,v3
TXN-000323,CUST-0037,2026-03-20,52.58,7,travel,in_store,US,70,4868,v3
TXN-000324,CUST-0098,2026-04-10,-18.47,10,restaurants,online,GB,42,27,v3
TXN-000325,CUST-0323,2026-06-03,34.3,4,groceries,in_store,DE,18,3089,v3
TXN-000326,CUST-0108,2026-04-25,16.31,4,healthcare,online,GB,30,19,v3
TXN-000327,CUST-0178,2026-05-19,15.46,6,restaurants,mobile,GB,78,4726,v3
TXN-000328,CUST-0298,2026-03-27,24.64,4,groceries,in_store,FR,21,1740,v3
TXN-000329,CUST-0118,2026-01-08,9.58,1,healthcare,online,US,45,826,v3
TXN-000330,CUST-0330,2026-05-31,22.88,10,groceries,online,FR,77,517,v3
TXN-000331,CUST-0364,2026-06-05,22.22,10,restaurants,in_store,GB,18,4164,v3
TXN-000332,CUST-0053,2026-04-17,15.75,9,healthcare,mobile,GB,34,2969,v3
TXN-000333,CUST-0301,2026-06-09,17.98,11,utilities,online,FR,25,4301,v3
TXN-000334,CUST-0026,2026-04-16,21.71,3,travel,online,GB,71,173,v3
TXN-000335,CUST-0025,2026-06-14,13.17,3,fuel,mobile,NL,71,4403,v3
TXN-000336,CUST-0037,not-a-date,55.03,11,groceries,mobile,FR,48,556,v3
TXN-000337,CUST-0353,2026-06-09,65.48,11,electronics,in_store,GB,50,2936,v3
TXN-000338,CUST-0037,2026-03-18,13.18,1,groceries,online,GB,70,2605,v3
TXN-000339,CUST-0002,2026-04-07,25.18,1,groceries,mobile,GB,59,4634,v3
TXN-000340,CUST-0329,2026-06-10,13.95,10,   ,in_store,FR,73,2828,v3
TXN-000341,CUST-0009,2026-03-20,19.06,10,electronics,mobile,GB,19,1087,v3
TXN-000342,CUST-0017,2026-06-22,-53.96,10,  ,online,US,60,2013,v3
TXN-000343,CUST-0159,2026-03-13,11.0,4,electronics,in_store,GB,76,3247,v3
TXN-000344,CUST-0354,,15.17,3,  ,online,GB,31,363,v3
TXN-000345,CUST-0318,2026-04-30,4.99,1,electronics,online,NL,28,3009,v3
TXN-000346,CUST-0058,2026-01-26,9.41,9,utilities,online,GB,47,4087,v3
TXN-000347,CUST-0386,2026-03-19,71.91,6,travel,in_store,GB,36,4913,v3
TXN-000348,CUST-0216,2026-02-15,42.58,3,electronics,online,GB,61,2268,v3
TXN-000349,CUST-0227,2026-02-16,28.02,7,electronics,in_store,GB,24,2971,v3
TXN-000350,CUST-0039,2026-06-28,8.94,8,utilities,online,GB,52,unknown,v3
TXN-000351,CUST-0092,2026-13-45,13.93,6,utilities,online,ES,67,1049,v3
TXN-000352,CUST-0069,2026-02-17,43.06,9,restaurants,online,GB,22,2487,v3
TXN-000353,CUST-0036,2026-06-20,31.25,10,utilities,online,GB,38,4031,v3
TXN-000354,CUST-0265,2026-02-01,8.59,9,utilities,online,GB,73,3358,v3
TXN-000355,CUST-0146,2026-04-10,18.49,6,healthcare,online,GB,60,3618,v3
TXN-000356,CUST-0372,,34.12,4,healthcare,mobile,US,73,2292,v3
TXN-000357,CUST-0079,2026-01-13,9.9,6,travel,online,GB,46,1993,v3
TXN-000358,CUST-0001,2026-04-19,38.7,8,utilities,online,DE,28,4896,v3
TXN-000359,CUST-0171,2026-04-21,10.92,3,groceries,in_store,US,71,3928,v3
TXN-000360,CUST-0193,2026-04-29,7.37,1,electronics,online,DE,60,685,v3
TXN-000361,CUST-0160,2026-02-28,12.66,7,healthcare,online,US,37,4683,v3
TXN-000362,CUST-0195,2026-05-25,10.32,2,travel,online,GB,74,4902,v3
TXN-000363,CUST-0038,2026-05-23,25.62,4,travel,online,ES,81,2393,v3
TXN-000364,CUST-0104,2026-04-10,17.91,7,healthcare,online,GB,23,155,v3
TXN-000365,CUST-0280,2026-05-17,2.86,3,utilities,in_store,GB,27,n/a ,v3
TXN-000366,CUST-0304,2026-03-26,15.19,11,restaurants,mobile,ES,51,2934,v3
TXN-000367,CUST-0269,2026-04-16,-52.78,3,travel,online,GB,80,69,v3
TXN-000368,CUST-0206,2026-01-19,6.97,4,utilities,online,ES,65,2147,v3
TXN-000369,CUST-0063,2026-01-25,32.16,3,electronics,in_store,ES,25,3998,v3
TXN-000370,CUST-0368,2026-03-28,26.58,10,groceries,online,FR,52,1958,v3
TXN-000371,CUST-0259,2026-01-10,12.69,8,healthcare,mobile,GB,65,2268,v3
TXN-000372,CUST-0359,2026-02-26,33.06,3,groceries,in_store,US,55,1156,v3
TXN-000373,CUST-0143,2026-03-01,17.71,6,travel,mobile,DE,18,391,v3
TXN-000374,CUST-0217,2026-03-02,-8.79,1,electronics,mobile,GB,74,4108,v3
TXN-000375,CUST-0298,2026-01-21,12.61,4,groceries,in_store,GB,60,4093,v3
TXN-000376,CUST-0389,2026-02-07,34.96,1,electronics,mobile,DE,44,2359,v3
TXN-000377,CUST-0033,2026-02-17,6.91,2,utilities,online,GB,55,989,v3
TXN-000378,CUST-0136,2026-04-02,86.17,3,groceries,mobile,GB,65,4528,v3
TXN-000379,CUST-0356,2026-01-09,8.18,10,electronics,in_store,ES,22,2747,v3
TXN-000380,CUST-0388,2026-01-11,22.0,7,fuel,online,GB,78,1072,v3
TXN-000381,CUST-0268,not-a-date,41.13,-1,electronics,mobile,NL,36,214,v3
TXN-000382,CUST-0122,2026-05-26,16.17,2,healthcare,online,DE,36,2312,v3
TXN-000383,CUST-0146,2026-06-25,16.44,3,fuel,mobile,DE,49,3103,v3
TXN-000384,CUST-0056,2026-06-17,44.34,5,travel,online,DE,51,1079,v3
TXN-000385,CUST-0179,2026-06-10,46.53,5,restaurants,online,GB,23,678,v3
TXN-000386,CUST-0317,2026-03-21,28.08,9,groceries,online,GB,80,789,v3
TXN-000387,CUST-0260,2026-01-09,-10.57,7,travel,mobile,GB,68,2933,v3
TXN-000388,CUST-0093,2026-04-09,19.24,6,restaurants,online,DE,64,4512,v3
TXN-000389,CUST-0288,2026-02-01,5.63,1,healthcare,mobile,GB,51,2571,v3
TXN-000390,CUST-0099,2026-03-29,41.93,5,healthcare,online,DE,21,4188,v3
TXN-000391,CUST-0071,2026-04-21,70.23,2,electronics,in_store,DE,78,1721,v3
TXN-000392,CUST-0005,2026-06-12,2.91,4,groceries,in_store,GB,50,967,v3
TXN-000393,CUST-0106,2026-05-23,10.96,1,groceries,online,GB,60,2128,v3
TXN-000394,CUST-0354,2026-04-05,-22.15,8,groceries,in_store,DE,67,758,v3
TXN-000395,CUST-0367,2026-13-45,43.81,2,restaurants,online,GB,21,1669,v3
TXN-000396,CUST-0279,2026-02-14,34.25,8,groceries,online,GB,34,4633,v3
TXN-000397,CUST-0086,2026-06-22,2.33,9,electronics,in_store,US,55,3465,v3
TXN-000398,CUST-0161,2026-05-05,68.86,10,groceries,in_store,DE,69,4878,v3
TXN-000399,CUST-0338,2026-03-14,7.66,5,restaurants,online,GB,49,3022,v3
TXN-000400,CUST-0134,2026-05-14,17.94,4,groceries,in_store,US,69,0,v3
TXN-000401,CUST-0214,2026-03-14,42.95,4,restaurants,mobile,FR,57,4043,v3
TXN-000402,CUST-0313,2026-05-31,25.31,7,electronics,online,US,75,1386,v3
TXN-000403,CUST-0090,2026-03-26,-26.79,3,travel,online,GB,76,1924,v3
TXN-000404,CUST-0322,2026-06-08,19.35,9,healthcare,in_store,GB,43,1311,v3
TXN-000405,CUST-0323,2026-02-18,35.26,8,restaurants,online,NL,72,4110,v3
TXN-000406,CUST-0149,2026-04-12,18.06,8,healthcare,online,GB,74,2108,v3
TXN-000407,CUST-0180,2026-01-18,7.39,8,utilities,online,GB,42,1888,v3
TXN-000408,CUST-0297,2026-05-11,21.19,4,utilities,online,GB,59,3799,v3
TXN-000409,CUST-0262,2026-03-27,12.47,9,fuel,in_store,NL,37,476,v3
TXN-000410,CUST-0008,2026-03-07,-28.31,2,groceries,online,FR,60,2050,v3
TXN-000411,CUST-0206,2026-05-04,78.95,4,groceries,mobile,DE,70,2366,v3
TXN-000412,CUST-0308,2026-02-01,8.45,11,electronics,mobile,US,66,4611,v3
TXN-000413,CUST-0155,2026-02-12,48.9,8,healthcare,online,GB,54,3540,v3
TXN-000414,CUST-0269,2026-03-31,-16.25,2,groceries,online,GB,58,2157,v3
TXN-000415,CUST-0280,2026-02-03,21.9,9,fuel,in_store,GB,45,913,v3
TXN-000416,CUST-0307,2026-05-08,11.35,11,groceries,online,US,23,865,v3
TXN-000417,CUST-0161,2026-02-18,16.53,5,utilities,in_store,FR,42,2456,v3
TXN-000418,CUST-0153,2026-06-25,33.38,4,electronics,mobile,GB,59,1682,v3
TXN-000419,CUST-0079,2026-04-22,18.73,7,electronics,online,GB,58,965,v3
TXN-000420,CUST-0191,2026-04-16,14.83,9,restaurants,online,GB,24,1262,v3
TXN-000421,CUST-0239,2026-04-07,13.65,5,utilities,in_store,DE,63,2210,v3
TXN-000422,CUST-0020,2026-05-28,46.79,5,utilities,in_store,GB,54,3283,v3
TXN-000423,CUST-0258,2026-05-21,19.27,7,fuel,in_store,US,22,4948,v3
TXN-000424,CUST-0295,2026-03-25,73.34,4,healthcare,online,GB,31,3527,v3
TXN-000425,CUST-0345,2026-03-12,15.04,7,healthcare,in_store,US,37,870,v3
TXN-000426,CUST-0224,2026-01-06,71.95,6,restaurants,mobile,GB,28,993,v3
TXN-000427,CUST-0125,2026-04-19,27.98,11,utilities,in_store,GB,49,4943,v3
TXN-000428,CUST-0293,2026-02-17,37.45,10,electronics,online,ES,45,2218,v3
TXN-000429,CUST-0026,2026-06-29,10.56,10,fuel,online,US,53,309,v3
TXN-000430,CUST-0303,2026-05-20,8.35,9,restaurants,online,US,38,56,v3
TXN-000431,CUST-0392,2026-01-14,30.09,7,groceries,mobile,DE,39,4019,v3
TXN-000432,CUST-0015,2026-06-21,11.52,3,travel,online,GB,40,917,v3
TXN-000433,CUST-0157,2026-02-23,15.38,3,utilities,in_store,GB,71,4968,v3
TXN-000434,CUST-0200,2026-01-21,31.52,7,healthcare,online,FR,44,382,v3
TXN-000435,CUST-0364,2026-04-30,10.53,10,restaurants,mobile,GB,61,1873,v3
TXN-000436,CUST-0122,2026-05-20,45.59,10,healthcare,online,GB,78,2572,v3
TXN-000437,CUST-0144,2026-04-22,12.5,5,electronics,online,GB,74,4364,v3
TXN-000438,CUST-0177,2026-04-21,31.17,1,restaurants,online,FR,72,2368,v3
TXN-000439,CUST-0132,2026-05-08,22.99,9,utilities,online,US,55,2102,v3
TXN-000440,CUST-0294,2026-01-24,122.25,7,healthcare,online,GB,54,2186,v3
TXN-000441,CUST-0299,2026-06-28,11.6,10,fuel,in_store,GB,80,179,v3
TXN-000442,CUST-0271,2026-04-08,36.95,4,electronics,in_store,US,51,4178,v3
TXN-000443,CUST-0158,2026-05-30,28.77,2,fuel,mobile,NL,21,1024,v3
TXN-000444,CUST-0181,2026-06-17,25.68,10,electronics,in_store,NL,52,797,v3
TXN-000445,CUST-0164,2026-01-12,110.72,5,electronics,in_store,DE,50,3421,v3
TXN-000446,CUST-0344,2026-02-13,46.0,5,travel,online,FR,51,4671,v3
TXN-000447,CUST-0319,2026-05-06,42.21,3,utilities,in_store,US,40,1082,v3
TXN-000448,CUST-0382,2026-03-25,27.76,9,travel,in_store,FR,81,512,v3
TXN-000449,CUST-0031,2026-02-25,46.88,1,groceries,in_store,DE,52,4117,v3
TXN-000450,CUST-0089,2026-03-31,-6.18,9,utilities,online,FR,61,62,v3
