transaction_id,customer_id,transaction_date,amount,items,merchant_category,channel,country,customer_age,loyalty_points,promo_code
TXN-000001,CUST-0138,2026-04-13,20.43,4.0,restaurants,online,US,77.0,4100.0,
TXN-000002,CUST-0065,2026-04-25,33.95,10.0,utilities,online,US,27.0,682.0,
TXN-000003,CUST-0230,2026-04-20,112.57,7.0,groceries,online,ES,18.0,3908.0,
TXN-000004,CUST-0257,2026-06-08,26.6,5.0,utilities,online,FR,63.0,,
TXN-000005,CUST-0098,2026-06-01,23.12,9.0,healthcare,in_store,GB,,2660.0,
TXN-000006,CUST-0362,2026-01-20,8.75,7.0,restaurants,in_store,NL,80.0,3339.0,
TXN-000007,CUST-0205,2026-02-25,14.94,11.0,utilities,in_store,GB,44.0,2776.0,
TXN-000008,CUST-0339,2026-06-28,9.23,7.0,electronics,mobile,GB,22.0,,
TXN-000009,CUST-0145,2026-02-14,66.14,10.0,electronics,in_store,US,80.0,,
TXN-000010,CUST-0200,2026-06-14,33.39,4.0,utilities,online,DE,37.0,3500.0,
TXN-000011,CUST-0175,2026-01-10,4.56,8.0,utilities,in_store,NL,43.0,185.0,
TXN-000012,CUST-0393,2026-04-26,47.53,3.0,utilities,in_store,GB,,,
TXN-000013,CUST-0117,2026-05-03,17.54,10.0,groceries,in_store,ES,38.0,2491.0,
TXN-000014,CUST-0286,2026-02-07,71.96,7.0,utilities,mobile,US,35.0,174.0,WELCOME
TXN-000015,CUST-0316,2026-05-31,11.78,3.0,travel,mobile,GB,54.0,4192.0,
TXN-000016,CUST-0247,2026-06-19,6.47,9.0,electronics,mobile,US,41.0,,
TXN-000017,CUST-0137,2026-01-09,56.7,11.0,fuel,online,DE,76.0,2362.0,
TXN-000018,CUST-0138,2026-06-19,41.62,8.0,restaurants,online,GB,77.0,906.0,
TXN-000019,CUST-0293,2026-02-12,14.78,4.0,utilities,online,FR,,4135.0,
TXN-000020,CUST-0164,2026-03-26,18.76,3.0,healthcare,in_store,DE,25.0,98.0,
TXN-000021,CUST-0369,2026-06-21,24.58,7.0,utilities,online,US,59.0,4921.0,
TXN-000022,CUST-0238,2026-06-03,21.45,7.0,travel,mobile,US,29.0,1983.0,WELCOME
TXN-000023,CUST-0141,2026-06-25,6.83,1.0,groceries,mobile,NL,,,SPRING10
TXN-000024,CUST-0127,2026-02-13,20.27,2.0,electronics,mobile,GB,61.0,3366.0,
TXN-000025,CUST-0104,2026-06-10,22.55,5.0,travel,mobile,US,65.0,,
TXN-000026,CUST-0395,2026-02-22,19.8,8.0,electronics,online,FR,47.0,,
TXN-000027,CUST-0070,2026-04-09,84.19,10.0,travel,online,GB,77.0,,
TXN-000028,CUST-0029,2026-06-13,35.6,4.0,electronics,online,GB,30.0,4338.0,
TXN-000029,CUST-0245,2026-06-28,56.93,8.0,utilities,in_store,DE,51.0,1024.0,
TXN-000030,CUST-0376,2026-01-15,14.26,3.0,electronics,online,US,56.0,,
TXN-000031,CUST-0244,2026-06-14,16.17,9.0,fuel,mobile,FR,81.0,4435.0,
TXN-000032,CUST-0130,2026-04-22,24.84,10.0,fuel,online,FR,55.0,3259.0,
TXN-000033,CUST-0027,2026-06-09,5.48,4.0,travel,online,US,77.0,,
TXN-000034,CUST-0049,2026-01-26,15.7,1.0,healthcare,in_store,DE,55.0,981.0,
TXN-000035,CUST-0223,2026-03-03,8.8,1.0,groceries,online,NL,42.0,4410.0,
TXN-000036,CUST-0149,2026-04-02,20.95,6.0,electronics,in_store,US,41.0,1699.0,
TXN-000037,CUST-0157,2026-02-25,23.23,3.0,healthcare,in_store,DE,32.0,184.0,
TXN-000038,CUST-0111,2026-06-01,23.31,3.0,healthcare,in_store,NL,32.0,,
TXN-000039,CUST-0187,2026-01-15,21.07,1.0,fuel,online,GB,66.0,850.0,
TXN-000040,CUST-0058,2026-02-12,25.41,1.0,fuel,mobile,DE,65.0,4696.0,
TXN-000041,CUST-0154,2026-05-08,18.39,11.0,fuel,in_store,DE,22.0,,
TXN-000042,CUST-0288,2026-03-18,30.34,8.0,electronics,in_store,US,49.0,,
TXN-000043,CUST-0329,2026-04-27,38.41,2.0,fuel,online,GB,33.0,495.0,
TXN-000044,CUST-0346,2026-05-01,21.34,6.0,restaurants,in_store,US,56.0,3689.0,
TXN-000045,CUST-0249,2026-05-15,10.88,8.0,travel,online,DE,42.0,116.0,
TXN-000046,CUST-0150,2026-05-18,24.85,8.0,restaurants,online,GB,66.0,,
TXN-000047,CUST-0203,2026-05-01,14.09,10.0,groceries,mobile,GB,58.0,1946.0,
TXN-000048,CUST-0234,2026-06-01,58.51,5.0,utilities,online,GB,72.0,,
TXN-000049,CUST-0236,2026-02-09,29.02,8.0,groceries,mobile,DE,26.0,1276.0,
TXN-000050,CUST-0164,2026-05-08,23.87,8.0,utilities,mobile,US,,1439.0,
TXN-000051,CUST-0071,2026-04-24,11.43,9.0,healthcare,online,GB,,,
TXN-000052,CUST-0261,2026-03-01,10.46,7.0,fuel,mobile,GB,,,
TXN-000053,CUST-0353,2026-04-01,23.37,2.0,groceries,online,DE,35.0,,
TXN-000054,,,,,,,,,,
TXN-000055,CUST-0188,2026-03-07,13.77,3.0,healthcare,in_store,GB,69.0,2148.0,
TXN-000056,CUST-0228,2026-03-31,94.0,5.0,healthcare,in_store,FR,65.0,2781.0,
TXN-000057,CUST-0251,2026-01-29,17.78,9.0,fuel,online,US,34.0,,
TXN-000058,CUST-0210,2026-03-09,25.95,2.0,healthcare,in_store,GB,40.0,,
TXN-000059,CUST-0334,2026-01-07,48.01,6.0,fuel,in_store,US,80.0,4182.0,
TXN-000060,CUST-0044,2026-02-08,23.91,9.0,groceries,online,,38.0,4978.0,
TXN-000061,CUST-0116,2026-03-22,30.61,9.0,fuel,online,GB,51.0,,
TXN-000062,CUST-0005,2026-01-01,8.43,4.0,healthcare,online,US,,,
TXN-000063,CUST-0100,2026-06-17,14.79,2.0,groceries,online,GB,22.0,,SPRING10
TXN-000064,CUST-0251,2026-03-04,41.3,7.0,fuel,online,GB,65.0,,
TXN-000065,CUST-0219,2026-03-23,18.91,6.0,utilities,mobile,US,25.0,,
TXN-000066,CUST-0142,2026-01-29,74.04,8.0,utilities,online,DE,27.0,4337.0,
TXN-000067,CUST-0058,2026-05-18,18.26,3.0,travel,mobile,US,55.0,1673.0,
TXN-000068,CUST-0290,2026-01-06,59.12,4.0,healthcare,in_store,GB,52.0,3806.0,
TXN-000069,CUST-0319,2026-04-03,8.38,4.0,utilities,in_store,GB,,,
TXN-000070,CUST-0014,2026-03-06,33.29,1.0,electronics,in_store,DE,71.0,2724.0,
TXN-000071,CUST-0350,2026-03-15,17.32,9.0,travel,mobile,US,79.0,,
TXN-000072,CUST-0192,2026-01-05,17.61,8.0,utilities,online,FR,25.0,,
TXN-000073,CUST-0187,2026-05-16,46.25,4.0,travel,mobile,GB,40.0,,
TXN-000074,CUST-0174,2026-06-26,19.98,4.0,restaurants,in_store,US,53.0,1805.0,
TXN-000075,CUST-0188,2026-01-09,13.97,8.0,groceries,mobile,FR,72.0,1370.0,
TXN-000076,CUST-0333,2026-06-27,26.91,1.0,healthcare,online,GB,76.0,,
TXN-000077,CUST-0312,2026-06-23,9.72,7.0,restaurants,in_store,US,52.0,,
TXN-000078,CUST-0271,2026-06-14,41.47,9.0,groceries,in_store,DE,20.0,4802.0,
TXN-000079,CUST-0371,2026-03-02,29.39,11.0,healthcare,in_store,GB,65.0,,WELCOME
TXN-000080,CUST-0286,2026-05-04,22.51,4.0,groceries,in_store,US,59.0,234.0,
TXN-000081,CUST-0289,2026-04-27,20.23,4.0,restaurants,online,US,72.0,616.0,
TXN-000082,CUST-0300,2026-01-26,35.06,10.0,healthcare,online,GB,,,
TXN-000083,CUST-0230,2026-06-17,5.24,5.0,utilities,in_store,NL,41.0,553.0,
TXN-000084,CUST-0297,2026-06-22,20.01,6.0,travel,mobile,GB,47.0,,
TXN-000085,CUST-0105,2026-03-23,31.09,11.0,fuel,in_store,US,,2735.0,
TXN-000086,CUST-0310,2026-03-17,43.5,7.0,groceries,in_store,GB,19.0,,
TXN-000087,CUST-0322,2026-04-30,12.94,9.0,electronics,in_store,FR,,4429.0,
TXN-000088,CUST-0384,2026-03-08,15.21,8.0,groceries,online,US,,,
TXN-000089,CUST-0219,2026-06-22,50.0,11.0,groceries,mobile,GB,52.0,,
TXN-000090,CUST-0201,2026-06-22,25.14,2.0,restaurants,online,FR,43.0,3143.0,
TXN-000091,CUST-0245,2026-04-05,14.49,10.0,electronics,mobile,ES,68.0,4899.0,
TXN-000092,CUST-0175,2026-02-20,13.23,5.0,groceries,in_store,,45.0,1281.0,
TXN-000093,CUST-0059,2026-05-23,42.54,10.0,electronics,in_store,US,60.0,154.0,
TXN-000094,CUST-0135,2026-05-24,44.37,7.0,healthcare,online,GB,72.0,2577.0,
TXN-000095,CUST-0222,2026-03-09,31.57,2.0,electronics,in_store,NL,53.0,,
TXN-000096,CUST-0021,2026-05-14,7.45,4.0,utilities,in_store,DE,39.0,1712.0,
TXN-000097,CUST-0325,2026-01-15,15.27,10.0,travel,mobile,DE,26.0,,
TXN-000098,CUST-0173,2026-06-14,8.45,3.0,electronics,online,,,,
TXN-000099,CUST-0317,2026-03-13,22.99,4.0,electronics,mobile,ES,38.0,2789.0,
TXN-000100,CUST-0025,2026-01-19,37.91,9.0,utilities,in_store,DE,23.0,587.0,
TXN-000101,CUST-0289,2026-03-16,58.01,7.0,utilities,mobile,GB,34.0,2494.0,
TXN-000102,CUST-0045,2026-06-09,10.13,1.0,restaurants,online,US,45.0,4177.0,
TXN-000103,CUST-0199,2026-04-04,24.18,7.0,utilities,in_store,GB,,3745.0,
TXN-000104,CUST-0232,2026-02-23,5.91,6.0,utilities,online,US,,1012.0,
TXN-000105,CUST-0065,2026-01-24,35.49,9.0,healthcare,online,GB,41.0,1842.0,
TXN-000106,CUST-0233,2026-03-26,78.98,3.0,healthcare,mobile,DE,47.0,2225.0,
TXN-000107,CUST-0017,2026-03-16,14.07,9.0,travel,in_store,DE,,4441.0,
TXN-000108,,,,,,,,,,
TXN-000109,CUST-0017,2026-06-15,54.71,2.0,groceries,in_store,GB,,3565.0,
TXN-000110,CUST-0142,2026-05-12,67.0,1.0,electronics,online,GB,34.0,2225.0,SPRING10
TXN-000111,CUST-0069,2026-05-05,21.92,5.0,healthcare,in_store,US,45.0,,
TXN-000112,CUST-0351,2026-03-20,12.81,10.0,travel,in_store,DE,28.0,,
TXN-000113,CUST-0051,2026-02-17,15.85,2.0,travel,online,GB,41.0,237.0,
TXN-000114,CUST-0207,2026-05-07,11.44,7.0,healthcare,online,DE,42.0,2869.0,
TXN-000115,CUST-0141,2026-01-13,14.25,1.0,utilities,mobile,US,22.0,3938.0,SPRING10
TXN-000116,CUST-0185,2026-01-23,36.64,1.0,restaurants,in_store,US,,550.0,
TXN-000117,CUST-0316,2026-04-18,21.76,10.0,travel,online,GB,68.0,4313.0,
TXN-000118,CUST-0332,2026-05-24,77.87,7.0,utilities,mobile,US,62.0,,
TXN-000119,CUST-0304,2026-02-25,15.85,6.0,electronics,in_store,NL,28.0,,
TXN-000120,CUST-0119,2026-05-24,8.91,11.0,groceries,mobile,US,47.0,,
TXN-000121,CUST-0232,2026-06-07,24.27,8.0,healthcare,online,GB,32.0,,
TXN-000122,,,,,,,,,3369.0,
TXN-000123,CUST-0343,2026-01-24,8.18,7.0,travel,mobile,US,,,
TXN-000124,,,,,,,,,4974.0,
TXN-000125,CUST-0255,2026-02-12,106.87,4.0,groceries,in_store,DE,63.0,,
TXN-000126,CUST-0021,2026-05-15,88.49,4.0,electronics,online,GB,73.0,4281.0,
TXN-000127,CUST-0379,2026-06-25,25.03,6.0,utilities,in_store,GB,66.0,4700.0,
TXN-000128,CUST-0187,2026-06-26,21.19,4.0,groceries,in_store,FR,58.0,2904.0,WELCOME
TXN-000129,CUST-0330,2026-03-17,10.48,1.0,electronics,in_store,US,36.0,2760.0,
TXN-000130,CUST-0321,2026-03-05,12.0,10.0,fuel,in_store,FR,44.0,2496.0,SPRING10
TXN-000131,CUST-0355,2026-02-16,21.93,10.0,electronics,in_store,GB,72.0,,
TXN-000132,CUST-0001,2026-06-08,21.79,9.0,healthcare,online,GB,43.0,,
TXN-000133,CUST-0240,2026-06-25,41.27,11.0,fuel,online,FR,,,
TXN-000134,CUST-0384,2026-04-09,35.12,3.0,travel,online,GB,39.0,,
TXN-000135,CUST-0131,2026-04-18,28.19,3.0,restaurants,mobile,NL,37.0,,
TXN-000136,CUST-0366,2026-01-16,4.6,11.0,groceries,online,FR,38.0,,
TXN-000137,CUST-0191,2026-01-03,17.98,11.0,travel,mobile,GB,67.0,,
TXN-000138,CUST-0191,2026-06-06,7.62,1.0,restaurants,mobile,GB,68.0,805.0,
TXN-000139,CUST-0279,2026-03-01,23.24,1.0,healthcare,in_store,GB,50.0,3194.0,
TXN-000140,CUST-0384,2026-01-24,8.26,10.0,healthcare,online,FR,21.0,,WELCOME
TXN-000141,CUST-0338,2026-03-03,23.22,10.0,electronics,mobile,GB,47.0,4358.0,
TXN-000142,CUST-0384,2026-06-22,14.03,10.0,groceries,mobile,US,60.0,,
TXN-000143,CUST-0231,2026-02-01,20.11,4.0,groceries,mobile,GB,59.0,492.0,
TXN-000144,CUST-0147,2026-05-10,59.65,3.0,groceries,online,GB,46.0,,
TXN-000145,CUST-0193,2026-05-22,12.7,1.0,restaurants,online,NL,,4847.0,
TXN-000146,CUST-0052,2026-05-25,29.06,9.0,groceries,in_store,GB,52.0,196.0,
TXN-000147,CUST-0299,2026-03-08,72.76,6.0,electronics,online,GB,33.0,,
TXN-000148,CUST-0381,2026-04-24,11.01,3.0,groceries,in_store,GB,,2600.0,
TXN-000149,CUST-0296,2026-03-21,14.12,7.0,restaurants,in_store,GB,32.0,,
TXN-000150,CUST-0272,2026-06-25,71.97,8.0,groceries,online,GB,72.0,,
TXN-000151,CUST-0016,2026-04-09,39.07,6.0,restaurants,mobile,ES,52.0,3851.0,VIP
TXN-000152,CUST-0267,2026-03-08,49.68,9.0,electronics,online,GB,54.0,,
TXN-000153,CUST-0010,2026-05-04,15.96,10.0,travel,online,GB,18.0,1629.0,
TXN-000154,CUST-0395,2026-05-10,17.06,9.0,healthcare,mobile,GB,79.0,2520.0,
TXN-000155,CUST-0364,2026-01-18,37.44,6.0,restaurants,online,GB,74.0,1100.0,
TXN-000156,CUST-0185,2026-01-29,21.87,4.0,healthcare,in_store,US,,3215.0,
TXN-000157,CUST-0036,2026-03-20,10.95,6.0,utilities,in_store,GB,44.0,,
TXN-000158,CUST-0370,2026-01-15,15.8,8.0,utilities,online,DE,38.0,4698.0,
TXN-000159,CUST-0279,2026-01-26,13.38,3.0,fuel,in_store,US,,,
TXN-000160,CUST-0073,2026-04-29,78.51,1.0,groceries,mobile,DE,76.0,,
TXN-000161,CUST-0253,2026-03-22,48.18,7.0,groceries,online,,25.0,507.0,
TXN-000162,CUST-0232,2026-03-25,29.41,2.0,electronics,mobile,GB,39.0,,
TXN-000163,CUST-0259,2026-03-24,24.58,4.0,healthcare,in_store,ES,79.0,1031.0,
TXN-000164,CUST-0200,2026-06-26,7.13,7.0,groceries,online,GB,20.0,143.0,
TXN-000165,CUST-0117,2026-05-03,176.01,3.0,fuel,in_store,GB,20.0,4016.0,SPRING10
TXN-000166,CUST-0395,2026-05-02,27.62,11.0,groceries,online,ES,,2019.0,
TXN-000167,CUST-0032,2026-04-02,37.5,3.0,utilities,online,GB,38.0,1667.0,
TXN-000168,CUST-0192,2026-05-25,7.88,4.0,electronics,in_store,ES,68.0,4907.0,
TXN-000169,CUST-0126,2026-01-23,33.41,3.0,electronics,in_store,ES,70.0,246.0,
TXN-000170,CUST-0173,2026-06-07,47.6,10.0,restaurants,online,FR,52.0,,SPRING10
TXN-000171,CUST-0312,2026-02-06,22.01,8.0,utilities,online,GB,56.0,3550.0,
TXN-000172,CUST-0268,2026-03-11,39.77,3.0,utilities,in_store,US,46.0,102.0,
TXN-000173,CUST-0244,2026-04-29,28.9,6.0,fuel,in_store,DE,80.0,,
TXN-000174,CUST-0332,2026-06-18,16.67,1.0,healthcare,online,GB,72.0,,
TXN-000175,CUST-0011,2026-03-05,47.03,4.0,healthcare,in_store,,72.0,260.0,
TXN-000176,CUST-0367,2026-04-02,6.43,1.0,restaurants,online,DE,35.0,2401.0,
TXN-000177,CUST-0159,2026-04-07,45.23,2.0,utilities,mobile,,19.0,3147.0,
TXN-000178,CUST-0096,2026-04-05,19.49,3.0,electronics,in_store,GB,,,
TXN-000179,CUST-0205,2026-04-23,10.27,10.0,fuel,online,ES,75.0,,
TXN-000180,CUST-0173,2026-03-07,15.83,7.0,restaurants,online,GB,44.0,898.0,
TXN-000181,CUST-0266,2026-06-15,69.32,2.0,groceries,in_store,NL,80.0,,
TXN-000182,CUST-0336,2026-03-02,42.59,2.0,travel,mobile,DE,,,
TXN-000183,CUST-0085,2026-04-15,35.59,3.0,utilities,online,DE,,,
TXN-000184,CUST-0324,2026-01-19,23.06,5.0,healthcare,online,DE,55.0,4070.0,
TXN-000185,CUST-0312,2026-01-27,98.02,5.0,restaurants,mobile,GB,44.0,1547.0,
TXN-000186,CUST-0154,2026-06-13,5.31,9.0,healthcare,mobile,GB,,3661.0,VIP
TXN-000187,CUST-0169,2026-03-11,25.26,7.0,electronics,in_store,GB,66.0,,
TXN-000188,CUST-0362,2026-05-07,11.84,6.0,restaurants,online,DE,34.0,,
TXN-000189,CUST-0187,2026-02-09,125.0,1.0,utilities,mobile,,47.0,3033.0,
TXN-000190,CUST-0166,2026-04-14,24.38,5.0,healthcare,in_store,DE,39.0,3584.0,
TXN-000191,CUST-0061,2026-01-05,25.36,2.0,fuel,mobile,DE,,,
TXN-000192,CUST-0307,2026-05-01,38.49,4.0,electronics,online,GB,58.0,,
TXN-000193,CUST-0200,2026-06-12,26.01,1.0,fuel,in_store,GB,77.0,1851.0,
TXN-000194,CUST-0140,2026-04-16,31.18,8.0,electronics,online,DE,62.0,,
TXN-000195,CUST-0143,2026-01-29,54.72,2.0,electronics,online,GB,78.0,,VIP
TXN-000196,CUST-0063,2026-04-21,140.2,8.0,travel,online,GB,51.0,,
TXN-000197,CUST-0319,2026-05-09,41.0,9.0,utilities,in_store,US,31.0,714.0,
TXN-000198,CUST-0379,2026-02-07,14.95,10.0,travel,online,DE,,830.0,
TXN-000199,CUST-0332,2026-03-29,20.29,5.0,groceries,in_store,GB,,4644.0,
TXN-000200,CUST-0013,2026-02-21,36.31,4.0,utilities,online,US,45.0,,
TXN-000201,CUST-0112,2026-05-26,18.85,4.0,groceries,online,FR,68.0,493.0,
TXN-000202,CUST-0390,2026-05-21,13.07,7.0,groceries,online,US,76.0,,
TXN-000203,CUST-0235,2026-05-11,6.41,3.0,fuel,online,GB,71.0,,
TXN-000204,CUST-0338,2026-02-13,6.65,9.0,utilities,online,GB,51.0,,
TXN-000205,CUST-0338,2026-05-17,14.38,8.0,restaurants,online,NL,56.0,714.0,
TXN-000206,CUST-0317,2026-01-02,17.17,8.0,electronics,mobile,GB,41.0,,
TXN-000207,CUST-0018,2026-05-16,42.22,8.0,restaurants,online,GB,50.0,,
TXN-000208,CUST-0398,2026-05-12,18.26,4.0,utilities,online,GB,23.0,539.0,
TXN-000209,CUST-0385,2026-03-08,11.93,9.0,groceries,in_store,NL,19.0,,
TXN-000210,CUST-0292,2026-01-18,15.45,2.0,restaurants,online,FR,,,
TXN-000211,CUST-0285,2026-04-18,58.0,4.0,fuel,online,DE,34.0,,SPRING10
TXN-000212,CUST-0017,2026-06-22,6.17,11.0,healthcare,online,US,50.0,4963.0,
TXN-000213,CUST-0204,2026-03-23,17.93,8.0,travel,online,GB,71.0,,
TXN-000214,CUST-0176,2026-05-15,12.69,2.0,fuel,online,GB,19.0,1386.0,
TXN-000215,CUST-0092,2026-01-14,22.18,9.0,utilities,in_store,GB,49.0,,
TXN-000216,CUST-0151,2026-06-21,27.39,11.0,electronics,mobile,US,46.0,,
TXN-000217,CUST-0098,2026-01-15,14.31,5.0,restaurants,online,FR,66.0,,
TXN-000218,CUST-0001,2026-01-03,51.26,4.0,fuel,online,GB,,,
TXN-000219,CUST-0005,2026-04-04,7.5,7.0,healthcare,in_store,GB,68.0,2776.0,
TXN-000220,,,,,,,,,3133.0,
TXN-000221,CUST-0112,2026-01-08,2.64,5.0,electronics,mobile,DE,72.0,2924.0,
TXN-000222,CUST-0093,2026-02-22,50.1,5.0,fuel,in_store,GB,23.0,,
TXN-000223,CUST-0105,2026-01-07,33.55,7.0,groceries,mobile,US,51.0,1622.0,
TXN-000224,CUST-0252,2026-05-28,22.25,4.0,travel,mobile,GB,30.0,4133.0,
TXN-000225,CUST-0042,2026-01-08,78.93,7.0,healthcare,in_store,US,68.0,,
TXN-000226,CUST-0106,2026-05-02,55.29,6.0,electronics,mobile,GB,51.0,1376.0,
TXN-000227,CUST-0379,2026-01-13,25.17,11.0,electronics,online,GB,75.0,2819.0,
TXN-000228,CUST-0242,2026-01-06,18.88,10.0,travel,mobile,ES,51.0,2542.0,
TXN-000229,CUST-0054,2026-05-08,9.77,10.0,electronics,in_store,US,48.0,,
TXN-000230,CUST-0336,2026-02-15,37.61,9.0,fuel,online,US,,,
TXN-000231,CUST-0192,2026-06-19,69.51,7.0,healthcare,mobile,DE,22.0,,
TXN-000232,CUST-0350,2026-06-05,27.74,3.0,restaurants,online,GB,41.0,,
TXN-000233,CUST-0122,2026-05-19,10.36,3.0,groceries,mobile,GB,,58.0,
TXN-000234,CUST-0046,2026-02-18,20.73,7.0,utilities,online,FR,34.0,2255.0,
TXN-000235,CUST-0290,2026-05-23,20.85,10.0,electronics,online,GB,66.0,,
TXN-000236,CUST-0324,2026-04-06,83.45,10.0,restaurants,online,GB,61.0,,
TXN-000237,CUST-0099,2026-03-15,31.34,5.0,fuel,mobile,GB,78.0,4185.0,
TXN-000238,CUST-0278,2026-06-15,16.19,1.0,groceries,online,FR,20.0,1734.0,
TXN-000239,CUST-0139,2026-03-31,11.88,9.0,electronics,mobile,US,29.0,3964.0,
TXN-000240,CUST-0187,2026-06-04,41.52,7.0,restaurants,online,GB,22.0,,
TXN-000241,CUST-0249,2026-04-11,104.79,10.0,electronics,in_store,GB,39.0,,
TXN-000242,CUST-0321,2026-06-13,29.72,4.0,healthcare,in_store,US,41.0,2815.0,
TXN-000243,CUST-0393,2026-06-09,115.23,2.0,utilities,online,NL,30.0,,
TXN-000244,CUST-0176,2026-06-18,25.64,10.0,groceries,in_store,NL,49.0,,
TXN-000245,CUST-0355,2026-01-21,76.73,5.0,travel,online,DE,37.0,,
TXN-000246,CUST-0113,2026-02-06,49.38,5.0,fuel,online,FR,,,
TXN-000247,CUST-0171,2026-05-28,13.14,3.0,travel,in_store,US,43.0,971.0,
TXN-000248,CUST-0112,2026-04-12,15.49,9.0,healthcare,in_store,FR,69.0,,
TXN-000249,CUST-0127,2026-04-22,59.31,1.0,groceries,online,DE,79.0,194.0,
TXN-000250,CUST-0197,2026-03-24,17.23,9.0,groceries,in_store,FR,20.0,4945.0,
TXN-000251,CUST-0177,2026-03-06,10.56,5.0,electronics,mobile,GB,66.0,,
TXN-000252,CUST-0070,2026-04-10,28.96,11.0,healthcare,online,DE,,,
TXN-000253,CUST-0263,2026-04-06,81.22,10.0,electronics,online,,70.0,,
TXN-000254,CUST-0218,2026-05-14,24.83,5.0,fuel,in_store,US,44.0,,
TXN-000255,CUST-0030,2026-06-01,84.08,7.0,utilities,online,US,19.0,,
TXN-000256,,,,,,,,,622.0,
TXN-000257,CUST-0356,2026-01-04,18.68,6.0,electronics,online,GB,22.0,,
TXN-000258,CUST-0226,2026-03-30,13.35,3.0,healthcare,online,NL,46.0,,
TXN-000259,CUST-0279,2026-04-19,71.74,9.0,travel,in_store,DE,53.0,,
TXN-000260,CUST-0389,2026-01-05,42.53,1.0,travel,online,,46.0,3287.0,
TXN-000261,CUST-0296,2026-03-10,12.48,4.0,restaurants,mobile,DE,33.0,630.0,
TXN-000262,CUST-0308,2026-05-10,11.4,1.0,travel,mobile,GB,51.0,,
TXN-000263,CUST-0002,2026-02-22,20.17,9.0,healthcare,online,GB,64.0,2012.0,
TXN-000264,CUST-0107,2026-06-24,21.2,6.0,fuel,online,ES,67.0,,
TXN-000265,CUST-0006,2026-02-02,59.07,4.0,fuel,in_store,US,21.0,,
TXN-000266,CUST-0035,2026-05-13,31.33,7.0,electronics,online,US,64.0,657.0,
TXN-000267,CUST-0009,2026-03-12,27.39,7.0,groceries,in_store,,76.0,1446.0,
TXN-000268,CUST-0022,2026-03-19,10.86,7.0,healthcare,mobile,US,,2455.0,
TXN-000269,CUST-0386,2026-06-05,13.81,1.0,electronics,online,US,77.0,4519.0,
TXN-000270,CUST-0199,2026-04-05,6.27,3.0,fuel,online,FR,38.0,1917.0,
TXN-000271,CUST-0380,2026-06-05,6.06,10.0,electronics,in_store,ES,,,
TXN-000272,CUST-0375,2026-04-23,29.86,4.0,utilities,in_store,GB,52.0,,
TXN-000273,,,,,,,,,,
TXN-000274,CUST-0340,2026-04-10,52.58,1.0,travel,online,GB,,,
TXN-000275,CUST-0267,2026-06-03,18.47,2.0,fuel,in_store,US,,2729.0,
TXN-000276,CUST-0249,2026-04-25,34.3,6.0,healthcare,mobile,NL,18.0,319.0,
TXN-000277,CUST-0003,2026-05-19,16.31,9.0,fuel,in_store,NL,78.0,,
TXN-000278,,,,,,,,,1098.0,
TXN-000279,CUST-0098,2026-01-08,24.64,11.0,healthcare,online,GB,28.0,,
TXN-000280,CUST-0021,2026-05-31,9.58,3.0,restaurants,online,GB,,3885.0,
TXN-000281,CUST-0301,2026-06-05,22.88,4.0,restaurants,mobile,GB,71.0,315.0,
TXN-000282,CUST-0059,2026-04-17,22.22,11.0,restaurants,online,GB,56.0,1866.0,VIP
TXN-000283,CUST-0017,2026-06-09,15.75,3.0,healthcare,in_store,GB,,,
TXN-000284,CUST-0234,2026-04-16,17.98,8.0,travel,online,ES,20.0,2599.0,SPRING10
TXN-000285,CUST-0198,2026-06-14,21.71,3.0,groceries,mobile,NL,74.0,662.0,
TXN-000286,CUST-0291,2026-04-02,13.17,7.0,fuel,online,US,25.0,,
TXN-000287,CUST-0021,2026-06-09,55.03,1.0,travel,online,GB,55.0,2920.0,
TXN-000288,CUST-0143,2026-03-18,65.48,8.0,utilities,online,US,,,VIP
TXN-000289,,,,,,,,,2902.0,
TXN-000290,CUST-0101,2026-06-10,25.18,4.0,travel,online,US,,3271.0,
TXN-000291,CUST-0162,2026-03-20,13.95,5.0,groceries,in_store,GB,,,
TXN-000292,CUST-0287,2026-06-22,19.06,10.0,utilities,in_store,DE,43.0,3609.0,
TXN-000293,CUST-0346,2026-03-13,53.96,4.0,healthcare,mobile,DE,59.0,,
TXN-000294,CUST-0168,2026-02-04,11.0,10.0,utilities,in_store,US,,4659.0,
TXN-000295,CUST-0091,2026-04-30,15.17,5.0,healthcare,in_store,ES,,,
TXN-000296,CUST-0219,2026-01-26,4.99,4.0,electronics,online,DE,70.0,2188.0,
TXN-000297,CUST-0197,2026-03-19,9.41,5.0,utilities,in_store,GB,,,
TXN-000298,CUST-0205,2026-02-15,71.91,6.0,healthcare,in_store,GB,47.0,1619.0,
TXN-000299,CUST-0211,2026-02-16,42.58,4.0,healthcare,in_store,GB,56.0,,
TXN-000300,CUST-0247,2026-06-28,28.02,1.0,electronics,online,NL,58.0,,
TXN-000301,CUST-0027,2026-03-20,8.94,9.0,restaurants,mobile,FR,31.0,45.0,
TXN-000302,CUST-0030,2026-02-17,13.93,4.0,travel,in_store,GB,,569.0,
TXN-000303,CUST-0396,2026-06-20,43.06,9.0,travel,in_store,ES,,,
TXN-000304,CUST-0346,2026-02-01,31.25,5.0,restaurants,online,GB,60.0,1551.0,
TXN-000305,CUST-0037,2026-04-10,8.59,10.0,utilities,online,ES,64.0,,
TXN-000306,CUST-0167,2026-04-11,18.49,3.0,restaurants,online,GB,47.0,4362.0,
TXN-000307,CUST-0187,2026-01-13,34.12,5.0,groceries,mobile,GB,43.0,3138.0,
TXN-000308,CUST-0255,2026-04-19,9.9,10.0,utilities,online,ES,80.0,2295.0,
TXN-000309,CUST-0197,2026-04-21,38.7,8.0,fuel,in_store,DE,68.0,,
TXN-000310,CUST-0302,2026-04-29,10.92,11.0,fuel,in_store,US,,3772.0,
TXN-000311,CUST-0100,2026-02-28,7.37,3.0,restaurants,online,GB,77.0,,
TXN-000312,CUST-0368,2026-05-25,12.66,4.0,restaurants,online,GB,,1611.0,
TXN-000313,CUST-0040,2026-05-23,10.32,10.0,healthcare,online,ES,48.0,1065.0,
TXN-000314,CUST-0123,2026-04-10,25.62,4.0,fuel,online,NL,19.0,2255.0,
TXN-000315,CUST-0204,2026-05-17,17.91,2.0,electronics,mobile,US,,2615.0,
TXN-000316,CUST-0209,2026-03-26,2.86,9.0,travel,mobile,GB,55.0,2781.0,
TXN-000317,CUST-0306,2026-04-16,15.19,11.0,utilities,online,US,18.0,394.0,
TXN-000318,CUST-0164,2026-01-19,52.78,9.0,travel,in_store,GB,45.0,,
TXN-000319,CUST-0167,2026-01-25,6.97,4.0,utilities,in_store,GB,69.0,,
TXN-000320,CUST-0216,2026-03-28,32.16,8.0,groceries,in_store,GB,43.0,3888.0,
TXN-000321,CUST-0176,2026-01-10,26.58,10.0,electronics,online,US,,,
TXN-000322,CUST-0362,2026-02-26,12.69,5.0,groceries,online,GB,32.0,,
TXN-000323,CUST-0037,2026-03-01,33.06,5.0,electronics,online,US,23.0,3417.0,WELCOME
TXN-000324,CUST-0098,2026-03-02,17.71,9.0,restaurants,in_store,GB,70.0,823.0,
TXN-000325,CUST-0323,2026-01-21,8.79,6.0,groceries,mobile,FR,70.0,3117.0,
TXN-000326,CUST-0108,2026-02-07,12.61,2.0,restaurants,online,GB,48.0,150.0,
TXN-000327,CUST-0178,2026-02-17,34.96,4.0,fuel,in_store,DE,30.0,2671.0,
TXN-000328,CUST-0298,2026-04-02,6.91,3.0,travel,in_store,FR,75.0,,
TXN-000329,CUST-0118,2026-01-09,86.17,10.0,travel,mobile,GB,53.0,,
TXN-000330,CUST-0330,2026-01-11,8.18,6.0,restaurants,online,GB,31.0,2657.0,
TXN-000331,CUST-0364,2026-01-28,22.0,4.0,fuel,in_store,GB,20.0,409.0,
TXN-000332,CUST-0053,2026-05-26,41.13,10.0,groceries,online,GB,,1804.0,
TXN-000333,CUST-0301,2026-06-25,16.17,6.0,fuel,online,GB,57.0,2546.0,
TXN-000334,CUST-0026,2026-06-17,16.44,7.0,utilities,online,ES,31.0,983.0,
TXN-000335,CUST-0025,2026-06-10,44.34,1.0,travel,mobile,,26.0,,
TXN-000336,CUST-0037,2026-03-21,46.53,2.0,utilities,in_store,GB,28.0,555.0,
TXN-000337,CUST-0353,2026-01-09,28.08,4.0,fuel,in_store,GB,55.0,,
TXN-000338,CUST-0037,2026-04-09,10.57,8.0,fuel,online,NL,75.0,,
TXN-000339,CUST-0002,2026-02-01,19.24,11.0,healthcare,mobile,FR,50.0,,
TXN-000340,CUST-0329,2026-03-29,5.63,4.0,healthcare,mobile,ES,71.0,,
TXN-000341,CUST-0009,2026-04-21,41.93,10.0,restaurants,online,GB,40.0,,
TXN-000342,CUST-0017,2026-06-12,70.23,3.0,fuel,online,GB,,4743.0,VIP
TXN-000343,CUST-0159,2026-05-23,2.91,9.0,groceries,online,NL,45.0,,
TXN-000344,CUST-0354,2026-04-05,10.96,2.0,travel,mobile,GB,27.0,1109.0,SPRING10
TXN-000345,CUST-0318,2026-02-17,22.15,8.0,travel,mobile,US,39.0,3327.0,
TXN-000346,CUST-0058,2026-02-14,43.81,8.0,groceries,in_store,US,77.0,,
TXN-000347,CUST-0386,2026-06-22,34.25,1.0,healthcare,in_store,GB,62.0,4000.0,
TXN-000348,CUST-0216,2026-05-05,2.33,1.0,fuel,online,GB,,2146.0,
TXN-000349,CUST-0227,2026-03-14,68.86,4.0,electronics,mobile,GB,,4921.0,
TXN-000350,CUST-0039,2026-05-14,7.66,6.0,restaurants,online,,18.0,4296.0,
TXN-000351,CUST-0092,2026-03-14,17.94,3.0,restaurants,online,US,69.0,,
TXN-000352,CUST-0069,2026-05-31,42.95,1.0,electronics,online,FR,,3662.0,SPRING10
TXN-000353,CUST-0036,2026-03-26,25.31,2.0,electronics,mobile,GB,42.0,,WELCOME
TXN-000354,CUST-0265,2026-06-08,26.79,4.0,travel,mobile,US,34.0,,
TXN-000355,CUST-0146,2026-02-18,19.35,7.0,fuel,in_store,DE,,1095.0,
TXN-000356,CUST-0372,2026-04-12,35.26,10.0,travel,mobile,,44.0,990.0,WELCOME
TXN-000357,CUST-0079,2026-01-18,18.06,1.0,utilities,mobile,GB,,,
TXN-000358,CUST-0001,2026-05-11,7.39,6.0,travel,mobile,GB,66.0,,
TXN-000359,CUST-0171,2026-03-27,21.19,6.0,fuel,online,US,24.0,2886.0,
TXN-000360,CUST-0193,2026-03-07,12.47,4.0,groceries,mobile,ES,,1288.0,
TXN-000361,CUST-0160,2026-05-04,28.31,6.0,fuel,in_store,GB,48.0,969.0,VIP
TXN-000362,CUST-0195,2026-02-01,78.95,2.0,travel,online,FR,,4929.0,
TXN-000363,CUST-0038,2026-02-12,8.45,1.0,travel,online,US,,4962.0,
TXN-000364,CUST-0104,2026-03-31,48.9,8.0,fuel,in_store,US,,2383.0,
TXN-000365,CUST-0280,2026-02-03,16.25,8.0,restaurants,online,GB,29.0,,
TXN-000366,CUST-0304,2026-05-08,21.9,2.0,fuel,mobile,,29.0,2074.0,VIP
TXN-000367,CUST-0269,2026-02-18,11.35,6.0,fuel,mobile,GB,49.0,3393.0,
TXN-000368,CUST-0206,2026-06-25,16.53,8.0,travel,online,GB,39.0,,
TXN-000369,CUST-0063,2026-04-22,33.38,7.0,electronics,online,GB,30.0,4653.0,
TXN-000370,CUST-0368,2026-04-16,18.73,1.0,restaurants,online,US,34.0,,
TXN-000371,CUST-0259,2026-04-07,14.83,2.0,electronics,online,NL,46.0,2947.0,
TXN-000372,CUST-0359,2026-05-28,13.65,5.0,utilities,in_store,NL,60.0,4594.0,SPRING10
TXN-000373,,,,,,,,,4874.0,
TXN-000374,CUST-0217,2026-03-25,19.27,2.0,travel,in_store,FR,63.0,3004.0,
TXN-000375,CUST-0298,2026-03-12,73.34,1.0,electronics,in_store,GB,29.0,,
TXN-000376,CUST-0389,2026-01-06,15.04,5.0,groceries,online,GB,30.0,,
TXN-000377,CUST-0033,2026-04-19,71.95,10.0,restaurants,mobile,DE,81.0,560.0,
TXN-000378,CUST-0136,2026-02-17,27.98,2.0,restaurants,online,DE,46.0,,
TXN-000379,CUST-0356,2026-06-29,37.45,5.0,electronics,online,US,,2482.0,
TXN-000380,CUST-0388,2026-05-20,10.56,4.0,groceries,online,GB,,,
TXN-000381,CUST-0268,2026-01-14,8.35,10.0,restaurants,in_store,DE,,4446.0,
TXN-000382,CUST-0122,2026-06-21,30.09,2.0,travel,online,DE,29.0,,
TXN-000383,CUST-0146,2026-02-23,11.52,9.0,groceries,online,DE,81.0,4422.0,
TXN-000384,CUST-0056,2026-01-21,15.38,2.0,travel,mobile,US,22.0,,
TXN-000385,CUST-0179,2026-04-30,31.52,3.0,groceries,online,US,41.0,883.0,
TXN-000386,CUST-0317,2026-05-20,10.53,4.0,fuel,mobile,ES,50.0,2471.0,
TXN-000387,CUST-0260,2026-04-22,45.59,3.0,fuel,in_store,FR,,,
TXN-000388,CUST-0093,2026-04-21,12.5,1.0,travel,in_store,US,48.0,1720.0,
TXN-000389,CUST-0288,2026-05-08,31.17,7.0,utilities,in_store,,44.0,,
TXN-000390,CUST-0099,2026-01-24,22.99,10.0,restaurants,online,GB,45.0,4438.0,
TXN-000391,CUST-0071,2026-06-28,122.25,1.0,restaurants,mobile,GB,20.0,95.0,
TXN-000392,CUST-0005,2026-04-08,11.6,4.0,groceries,online,,71.0,4006.0,
TXN-000393,CUST-0106,2026-05-30,36.95,4.0,electronics,mobile,GB,31.0,,
TXN-000394,CUST-0354,2026-06-17,28.77,9.0,fuel,in_store,FR,28.0,,
TXN-000395,CUST-0367,2026-01-12,25.68,7.0,groceries,in_store,US,61.0,1192.0,
TXN-000396,CUST-0279,2026-02-13,110.72,2.0,utilities,in_store,GB,77.0,,
TXN-000397,CUST-0086,2026-05-06,46.0,1.0,healthcare,in_store,ES,31.0,,
TXN-000398,CUST-0161,2026-03-25,42.21,5.0,groceries,online,FR,24.0,2621.0,
TXN-000399,CUST-0338,2026-02-25,27.76,7.0,utilities,in_store,NL,70.0,1210.0,
TXN-000400,,,,,,,,,4082.0,
TXN-000401,CUST-0214,2026-01-17,6.18,10.0,electronics,online,GB,,,
TXN-000402,CUST-0313,2026-04-09,21.81,10.0,fuel,online,GB,78.0,,
TXN-000403,CUST-0090,2026-05-17,8.29,1.0,healthcare,online,GB,78.0,116.0,
TXN-000404,CUST-0322,2026-01-30,10.6,5.0,restaurants,in_store,GB,72.0,842.0,
TXN-000405,CUST-0323,2026-03-16,21.33,2.0,travel,in_store,FR,75.0,4630.0,
TXN-000406,CUST-0149,2026-05-28,20.45,5.0,groceries,mobile,US,55.0,,
TXN-000407,CUST-0180,2026-01-31,43.69,2.0,utilities,in_store,DE,54.0,,
TXN-000408,CUST-0297,2026-05-13,7.53,4.0,utilities,in_store,,74.0,,
TXN-000409,CUST-0262,2026-06-14,8.89,5.0,groceries,in_store,FR,58.0,,
TXN-000410,CUST-0008,2026-06-04,17.96,5.0,fuel,online,FR,30.0,141.0,
TXN-000411,CUST-0206,2026-03-06,11.57,2.0,utilities,online,GB,50.0,1626.0,
TXN-000412,CUST-0308,2026-05-14,25.82,9.0,fuel,in_store,GB,64.0,,
TXN-000413,CUST-0155,2026-01-23,20.48,5.0,groceries,online,GB,70.0,3373.0,
TXN-000414,CUST-0269,2026-01-03,14.42,7.0,healthcare,online,GB,75.0,3289.0,
TXN-000415,CUST-0280,2026-05-09,7.76,4.0,fuel,online,ES,39.0,,
TXN-000416,CUST-0307,2026-02-21,13.41,5.0,electronics,online,GB,28.0,4327.0,
TXN-000417,CUST-0161,2026-05-16,23.76,1.0,restaurants,online,FR,,519.0,
TXN-000418,CUST-0153,2026-02-27,78.72,1.0,healthcare,online,US,75.0,1392.0,
TXN-000419,CUST-0079,2026-03-18,37.24,11.0,utilities,mobile,FR,69.0,,
TXN-000420,CUST-0191,2026-06-12,16.24,11.0,travel,online,NL,50.0,,
TXN-000421,CUST-0239,2026-06-26,13.76,3.0,healthcare,online,DE,23.0,2816.0,
TXN-000422,CUST-0020,2026-03-04,28.71,9.0,utilities,online,GB,59.0,976.0,
TXN-000423,CUST-0258,2026-01-27,19.31,1.0,utilities,online,US,52.0,,VIP
TXN-000424,CUST-0295,2026-01-11,67.87,4.0,fuel,online,DE,41.0,,
TXN-000425,CUST-0345,2026-06-12,25.0,4.0,travel,in_store,US,49.0,3217.0,
TXN-000426,CUST-0224,2026-04-26,34.89,3.0,utilities,mobile,GB,30.0,,
TXN-000427,CUST-0125,2026-05-17,10.91,1.0,travel,in_store,NL,77.0,1863.0,
TXN-000428,CUST-0293,2026-04-29,45.78,3.0,utilities,in_store,NL,,,
TXN-000429,CUST-0026,2026-04-08,51.65,9.0,utilities,online,GB,26.0,,
TXN-000430,CUST-0303,2026-02-08,8.56,5.0,utilities,in_store,DE,53.0,1928.0,
TXN-000431,CUST-0392,2026-04-21,17.86,8.0,electronics,mobile,NL,50.0,3183.0,
TXN-000432,CUST-0015,2026-02-21,16.28,2.0,restaurants,online,GB,81.0,2085.0,
TXN-000433,CUST-0157,2026-05-10,11.31,3.0,travel,in_store,US,60.0,,
TXN-000434,CUST-0200,2026-03-12,70.39,11.0,healthcare,in_store,FR,63.0,1646.0,
TXN-000435,CUST-0364,2026-01-08,2.41,4.0,travel,mobile,US,19.0,,
TXN-000436,CUST-0122,2026-05-24,15.08,5.0,travel,in_store,US,,,
TXN-000437,CUST-0144,2026-01-20,48.37,2.0,fuel,in_store,NL,47.0,4136.0,
TXN-000438,CUST-0177,2026-03-28,18.26,2.0,restaurants,in_store,US,52.0,,SPRING10
TXN-000439,CUST-0132,2026-05-08,6.1,5.0,fuel,online,FR,,,
TXN-000440,CUST-0294,2026-04-18,11.72,6.0,fuel,online,ES,43.0,,
TXN-000441,CUST-0299,2026-03-22,16.8,2.0,fuel,online,GB,60.0,,
TXN-000442,CUST-0271,2026-05-08,49.74,5.0,electronics,online,US,72.0,2436.0,
TXN-000443,CUST-0158,2026-03-26,80.84,6.0,healthcare,mobile,ES,18.0,,
TXN-000444,CUST-0181,2026-01-18,16.45,9.0,restaurants,online,FR,52.0,2115.0,
TXN-000445,CUST-0164,2026-04-03,14.35,8.0,utilities,in_store,GB,,,
TXN-000446,CUST-0344,2026-01-07,9.3,8.0,healthcare,online,US,72.0,,
TXN-000447,CUST-0319,2026-05-18,12.14,11.0,restaurants,online,FR,49.0,1309.0,
TXN-000448,CUST-0382,2026-06-12,25.11,5.0,utilities,mobile,GB,46.0,3915.0,
TXN-000449,CUST-0031,2026-01-24,21.76,5.0,travel,online,FR,64.0,,WELCOME
TXN-000450,CUST-0089,2026-04-19,11.98,10.0,travel,online,FR,34.0,,
TXN-000451,CUST-0132,2026-06-19,16.23,3.0,travel,online,NL,51.0,2253.0,
TXN-000452,CUST-0170,2026-02-07,72.6,6.0,fuel,in_store,US,78.0,2016.0,
TXN-000453,CUST-0398,2026-06-26,22.06,2.0,healthcare,in_store,NL,42.0,2911.0,VIP
TXN-000454,CUST-0382,2026-01-21,9.41,5.0,healthcare,online,DE,62.0,,
TXN-000455,CUST-0075,2026-03-19,28.78,9.0,healthcare,online,DE,48.0,,WELCOME
TXN-000456,CUST-0201,2026-03-02,7.88,3.0,fuel,online,FR,67.0,4116.0,
TXN-000457,CUST-0158,2026-03-24,10.92,4.0,travel,online,DE,66.0,,
TXN-000458,,,,,,,,,4911.0,
TXN-000459,CUST-0021,2026-03-20,42.44,1.0,groceries,in_store,DE,69.0,,
TXN-000460,CUST-0301,2026-01-04,58.46,11.0,electronics,in_store,GB,56.0,,
TXN-000461,CUST-0114,2026-02-05,15.17,7.0,utilities,in_store,US,48.0,4309.0,WELCOME
TXN-000462,CUST-0038,2026-06-18,34.75,7.0,travel,in_store,GB,,,
TXN-000463,CUST-0219,2026-03-08,19.59,7.0,restaurants,in_store,GB,24.0,,
TXN-000464,CUST-0015,2026-02-15,11.2,6.0,groceries,in_store,US,36.0,2885.0,
TXN-000465,CUST-0211,2026-05-30,55.59,4.0,electronics,online,GB,67.0,,
TXN-000466,CUST-0026,2026-06-21,48.45,11.0,groceries,mobile,GB,74.0,3485.0,
TXN-000467,CUST-0226,2026-04-16,99.03,8.0,groceries,in_store,US,28.0,1957.0,
TXN-000468,CUST-0382,2026-01-26,20.45,9.0,healthcare,in_store,ES,,283.0,
TXN-000469,CUST-0064,2026-02-08,39.82,1.0,fuel,in_store,NL,51.0,4649.0,
TXN-000470,CUST-0371,2026-03-11,10.81,6.0,healthcare,in_store,US,62.0,,
TXN-000471,CUST-0353,2026-05-04,32.78,3.0,groceries,in_store,US,,,
TXN-000472,CUST-0173,2026-03-17,34.44,3.0,electronics,online,US,69.0,2405.0,
TXN-000473,CUST-0147,2026-06-03,63.83,2.0,electronics,in_store,US,,3113.0,
TXN-000474,CUST-0300,2026-01-31,18.19,9.0,fuel,online,ES,41.0,2357.0,SPRING10
TXN-000475,CUST-0081,2026-05-13,70.09,10.0,travel,in_store,DE,,3242.0,
TXN-000476,CUST-0175,2026-01-03,25.84,6.0,fuel,in_store,DE,81.0,4100.0,
TXN-000477,CUST-0356,2026-01-25,16.49,4.0,restaurants,mobile,GB,47.0,,
TXN-000478,CUST-0077,2026-06-02,36.82,3.0,healthcare,online,DE,24.0,,
TXN-000479,CUST-0266,2026-05-20,4.93,3.0,healthcare,online,GB,61.0,,
TXN-000480,CUST-0162,2026-05-18,107.52,7.0,utilities,in_store,NL,67.0,308.0,
TXN-000481,CUST-0197,2026-02-05,10.35,3.0,healthcare,in_store,US,48.0,2254.0,
TXN-000482,CUST-0350,2026-04-27,7.9,9.0,electronics,mobile,US,42.0,3045.0,
TXN-000483,CUST-0315,2026-05-08,15.47,8.0,travel,online,FR,58.0,4778.0,
TXN-000484,CUST-0224,2026-04-16,25.77,8.0,healthcare,in_store,US,44.0,,
TXN-000485,CUST-0235,2026-04-23,12.58,8.0,travel,in_store,DE,44.0,4287.0,
TXN-000486,CUST-0234,2026-06-06,37.19,10.0,healthcare,in_store,GB,,,
TXN-000487,CUST-0127,2026-02-26,20.68,9.0,groceries,in_store,GB,36.0,,
TXN-000488,CUST-0378,2026-04-21,10.63,5.0,utilities,in_store,DE,59.0,4845.0,VIP
TXN-000489,CUST-0165,2026-06-23,7.75,10.0,restaurants,in_store,GB,39.0,,
TXN-000490,CUST-0053,2026-03-16,11.61,10.0,healthcare,in_store,GB,66.0,2979.0,
TXN-000491,CUST-0275,2026-04-13,11.32,11.0,fuel,in_store,NL,34.0,,
TXN-000492,CUST-0057,2026-06-06,15.08,5.0,utilities,in_store,GB,38.0,1752.0,
TXN-000493,CUST-0197,2026-01-15,9.06,1.0,fuel,in_store,GB,56.0,2576.0,
TXN-000494,CUST-0013,2026-05-26,16.49,2.0,travel,online,GB,52.0,2362.0,SPRING10
TXN-000495,CUST-0162,2026-05-01,16.69,1.0,utilities,mobile,FR,57.0,1210.0,
TXN-000496,CUST-0116,2026-01-19,39.9,1.0,travel,mobile,GB,64.0,1453.0,
TXN-000497,CUST-0082,2026-03-13,61.02,7.0,electronics,in_store,FR,54.0,1608.0,
TXN-000498,CUST-0117,2026-05-12,19.22,2.0,electronics,in_store,US,49.0,,
TXN-000499,CUST-0195,2026-04-09,67.75,11.0,travel,in_store,FR,37.0,,
TXN-000500,CUST-0382,2026-05-30,59.15,3.0,utilities,in_store,GB,36.0,836.0,
